sentiment,text
positive,"Perfect fit. 2014 durango limited. Super easy to install. Less than 20 min. Drop the spare, undo 4 bolts and put it back together. Heavy-duty."
negative,Better fans out there for the price. Switch was the cheapest I've ever seen.
positive,"This is easy enough to install.  There is a recommended weight limit, and I would suggest adhering to it.  Because, at least for my 2017 S, this attaches to what seems to the the plastic infrastructure behind the headliner, and not the aluminum frame.  So if you pull the hook, you will see how the whole headliner moves with it, so be careful with these."
positive,Great product for dual wheels. Use them on the motor home.
positive,"This thing is amazing. I bought one for my husband, then had to buy one for me. The extended handle allows you to reach across the car, the brush, scraper and the squeegee all work great. It used to take me close to 10 minutes to clean the snow/ice off, now less than 3 minutes."
negative,It's a big blob of a pad for the cargo area. Looks like I put a big black memory foam pad in the back.
positive,"Despite the complaints I've read here about inconsistent weld quality, I do not see any really poor welds... just not great welds. Also, the safety of the stand is not very reliant on the welds. The weight of the vehicle is NOT being held up by welds. The welds are keeping the LATERAL/sideways forces in place but NOT the LONGITUDINAL/vertical forces. The casted parts seem of good quality and I like that a secondary backup 'pin' is included so that TWO teeth in the centre stanchion are engaged. Overall I think this is a pretty safe stand design and implementation."
negative,"Average -- but nice. We used INSIDE our kitchen garbage can, hoping to take some odor away. A tough job. Didn't work as well as we had hoped, but still pretty good. (if you found this helpful, please click where noted below, and thanks!)"
positive,Was easy to install but instructions for wiring were incorrect. But once installed worked great.
negative,"The reason I bought this sunshade, which is higher priced than many, is because it was supposed to be an exact fit for the model and year of my car.  The height is nearly exact, but the width is too long, and the cutout for the rearview mirror is overly large.  Also, the windshield visors are about all that keeps it in place, and even with them the sunshade is not flush with the window, but has a considerable gap between it an the glass.<br />It will surely block a light of light, though, but about anything could do that."
positive,"Part arrived the most quickly of all the places we attempted to order it from.  My college age son was able to install this himself.  He is not a mechanic, but he is not afraid to attempt a fix on broken things.  The part worked perfectly, and he was able to pass his car inspection."
positive,Perfect size for my car. The plastic inner protection is a must. I like it!
positive,"Frequently bought together? Yea right. Smoked lens, yea right.  Way off. These things are an eye sore on the front and rear of the bike. Now I have to tint them with some spray. Smoke colored,  how about fog colored..."
positive,looks cool my daughter loves it only complaint is no wind resistance it bends the antenna while driving
positive,"After my factory floor mats weren't doing the job I decided to get some aftermarket mats. I did some research and the results were Weathertech or Husky. After reading some reviews on a Subaru forum I decided to buy the Huskys. The fit is great, there are only a couple of areas were the mat doesn't hit the carpet snugly. The gas cap release is covered, but I can either lift the edge of the mat up or cut that section (it's marked) open. The underside of these mats, unlike some, have a lot of sharp nibs to help keep the mat in place. After using them over the course of these week, where we had snow and rain, it's amazing what they're keeping from being ground into the carpet of my car - sand, road salt, snow, mud. They look great and are a breeze to clean up - just wipe with a wet rag (don't use armor all or any of that stuff on these!)."
positive,"But the physics makes perfect sense and it was cheap...if a decision is cheap enough and it makes you feel good, then - ummm - go ahead and feel good :-)"
negative,"Idk if you’re supposed to wash this prior to use.. but I just used it straight out of the package and dried the exterior of my car. My paint color is black, and has newly applied caramic coating. and at the time of drying the car it looked fine. Cut to the next morning, and I see my car covered in fine yellow dust!! You can wipe it off with your fingers, but it was sticking to the car pretty well. Like what the heck happened?? Def try buying something more expensive. Also these things are sooo thin.. like idk how they’re supposed to absorb any water. I bought 4 of them and I still could barely dry off my entire car. I’m not sure if I’m using them wrong or all these positive reviews are lying… but I’m def not buying these again"
positive,Fast delivery.  Easy to use - better than the cheapo I had been using.  It attaches very nicely to the value stem.  I've had a few times where I was getting false readings.  But overall I like it.
positive,"Haven't had a chance to install yet, but looks like a nice carburetor, super fast shipping. Will update later"
positive,"I got this a year and a half ago because my car was nearing 290,000 miles and I thought I might as well get this kit while my mechanic was in replacing the front gaskets. It seems to be doing fine, no complaints so far. One strange thing did happen though...my belt jumped a few notches! I can't say why it happened...both my mechanic and I are confused. He put things right and no problems since. Lucky me, I have a non-interference engine. My mechanic did mention that the belt looked like it was in perfect shape, so it wasn't a mechanical failure, probably just a freak accident. Considering my car is just an oddity, I don't place the blame on this product and retain 5 stars for the rating."
positive,Very easy to install.  Worked perfect on my 57 Belair.  Sounds awesome.
negative,"Matt arrived rolled up in a tube like box.  It has been over a year now and it has never taken proper shape. Yes, I let it sit in the sun.  Not what I expected from weather tech for this price.  Recently saw a friends weather tech purchase, same cargo matt and it is perfect.  Very disappointed.  Please see pictures after a year installed.  This is better than day 1, but not acceptable for price."
positive,My friends are the only ones that never have to ask &#34;which trash can is for recycling?&#34;  It's labeled!!!
positive,I’ve purchase 3 of these already. One for me and the others for friends and family.
positive,"As noted in a few other reviews, there is a hole at the top of this funnel. It could create a problem as you pour liquid, but I found it easy to place my finger on the hole (on the outside of the funnel), as I held it in place during use. Problem solved. With that said, this little funnel worked great!"
positive,So far two months and no regrets...price is much cheaper then Michelin tires and about as good...time will tell. I would buy tires on Amazon again.
positive,Haven't used them yet but they look like they will be of good use.
positive,"I bought this to blow out the A-coils in my HVAC air handler.  It worked perfectly, and blew out a ton of debris that was blocking the airflow in my HVAC system.<br /><br />After using this, the airflow at my registers in each room went from detectable at 12&#34; to detectable at well over 7' away!  My entire HVAC system usage also dropped about 20%.<br /><br />Totally great tool."
positive,"Got car back from shop, can't tell the difference from the original factory cover. Time will tell."
positive,"I have a mist maker on the end of it and it is running off filtered, inside water, so I know it is safe to use for my parrots' cooling device.  It is holding up fine after a couple of years so far."
positive,"I was skeptical that this little  air compressor would be able to inflate my cars tires. The compressor is only a little larger than a soda can, and doesn't seem like it should be able to have enough power to get the job done. I was able to inflate two tires on my car to 32 PSI without any issues. When I was done, the tube was pretty hot, and the battery indicator was flashing low (after being charged to full), but the tires were definitely inflated to the desired pressure! This would be really good for inflating bike tires, balls, and other inflatables too. Also, definitely good to have in the car for emergency use on any long road trips. The light on the top to help use this in the dark is a very nice touch as well!"
positive,Excellent at protecting my floor areas. I’m often in and out with dirt and mud. They do a great job covering my floors.
negative,I thought I’m getting 10 for $6 .. but only 5pieces .. over price.. will not buy again
negative,Bought a pair I n June 2018.  Lasted about a year and both failed at same time.  Junk.<br /><br />Original  Ford struts lasted me 12 years.
positive,Installed almost a year ago. Working like a champ still. As good as factory I'd say. Perfect fit and quality seems up there with OEM.
positive,"Installed this a few days ago, only took a few minutes. I cut old wires, and soldered and heat shrinked the connections. Looks good works good. Not oem quality but will be fine for my 20 year old weekend warrior!"
positive,Good thick material and well made. A little difficult to tighten as string is elastic. Overall would recommend.
positive,Excellent product and price. I was surprised to see a metal impeller. Many aftermarket pumps use plastic.
positive,"This is a Good set of Drivers, will not fit all seals but works well."
negative,My compartment has a CD player built in so this did not fit properly.
positive,"I've purchased brake rotors from Amazon, though not these. I did purchase the same exact model for my 2011 Ford Explorer from RockAuto, 5-1/2 years ago. They are just now in need of replacement. Amazing! They stop good too. :) Love 'em."
positive,Works well and it's water proof.  I deducted 1 star because of it's size.  I wish it was bit bigger.
positive,"If you have new LED headlights that have the polarity reversed, these work great for correcting the issue. The pins are very easy to change around and you wont have to mess with your factory wiring harness."
positive,Glad o picked these up as it will save our tv antenna and other things to do with our motorhome!!!
positive,What can I say.  They are hard plastic blocks that fit the door jam of the Miata.  They are half the price as other options online.  That being sad ...they are grossly over priced.  Even at half the price of other options.  ITS CRAZY THEY CHARGE SO MUCH FOR SMALL PLASTIC BLOCKS!  WHAT AM I SUPPOSED TO DO ? CAVE MY OWN OUT OF WOOD!  MAYBE BUY 5K 3D PRINTER TO POOP SOME OUT?<br /><br />pros;<br />1000+ horse power<br />My door doesn't rattle over bumps anymore<br />easy to install<br /><br />Cons;<br />Grossly over priced<br />I doubt they truly stiffen the ride like others have said (seller does not make this claim)
positive,This is amazing! literally gets the job done getting rid of dirt in my car. It even has a nice smell to it. It keeps the car from collecting dust all the time.
positive,"Product just as described- a heavy duty bed mat.  Fit & finish very nice for the Tacoma short bed truck.  Totally appreciate the accurate information provided on this product, which answered the important points needed for purchase."
negative,Nice little storage product but don't expect too much for what you pay.  It does the job for me but I'm sure its not the best storage chest out there.
positive,I put a can of this in my 4 ton R410a system that was low on Freon and iced up.  Its been good for a month or so now but I will plan to replace the evaporator coil sometime this winter not to press my luck.  Getting the unit to take in the stuff was not as easy as I expected.  There is not pressure in the can so it seems to rely on some back flow of refrigerant into the can to draw out the leak seal compound.  I guess this is how they make it compatible for systems with different refrigerants..
negative,"My last jumper pack lasted about 7 years, this one lasted 1.5 years and the battery is shot."
positive,"Great looking hat, my husband looks great in this hat. I bought him the Same brad hat in another style and it looks great too. My husband finds hats are normally too big but this one fit perfect. We ordered s/m"
positive,"I love this thing more then I should, and I'll admit it's really because the coin holder portion creates a lil hidden pocket for small items to be stowed away"
positive,Strange concoction. not exactly like other dry wax I've used. It leaves a nice shine and repels nicely. Not a big fan of the smell but it is not bad just not a car smell. Will give it more time to decide.
positive,This is a must have if you own a vehicle with a sealed coolant system.  I had trouble with air pockets in my Mini Cooper before I had this.  It was a pain to bleed the air out of the system.  Now that I have this you just create the vacuum and fill straight from the bottles.  Takes a matter of minutes instead of an hour.  I would happily pay more and this will work for year to come.
positive,Arrived quickly and looks just like our little girl Yorkie !!! Love it so much - got it twice !!!
positive,"sounds great and was easy to install.  Well, the old exhaust was a pain to remove but this new system went in fine.  1996 tahoe 4d."
positive,Fit like a champ on my 2015 Equinox. Installation wasn't too bad. Did it by myself in about 45 minutes and that included installing the wiring harness. Would highly recommend
positive,"what more can I say.  I don't know if they are any cheaper than the dealer,  but Amazon delivers and closest dealer is a 40 mile round trip.  I always buy 3 at a time"
negative,"I bought this to replace the filter on my 2103 Acura TL and I could tell right away the airflow level went down quite a bit.<br />Doing a side by side comparison with a new OEM 80292-SHJ-A41 filter it was really obvious. I'm not sure if that would affect the life of the AC unit in the car but I don't like having to turn up the fan higher just to get the same airflow as before.<br />It's not a bad filter but it's definitely more restrictive than an OEM filter from Honda. And yes, I had the arrow facing the right way."
positive,I wish this product work as well on me when I get up in the morning as it does my truck... my truck can be feeling dead as hell but after a short time this gets my truck back to life.
negative,Plastic is too thick. Easily twice as thick as the factory filter. Distorts the airvo and is unacceptable. I will be returning and buying genuine Subaru air cleaners.
negative,"Gets in the way of the closing mechanism, preventing the power lift gate from closing. I returned this item and purchased another brand that fit better.  This was also more slippery than I had expected."
positive,It a good quality socket. It is definitely worth the money.
positive,Clips and wire connections could be a bit stouter but for the price this is about the best going. They should last a life time if not abused.
positive,"Nice starter. Great power, made a world of difference in my truck."
positive,"No complaints about this battery that I installed on my 2015 Yamaha XT250. The bike starts in a pinch, and the size fits perfectly, no adaptation necessary. It comes with some hardware to connect to the battery cables, but I just used what I already had."
positive,I keep a pair of sunglasses and readers on these. Works well for holding papers and parking slips too
positive,"Because of a mold problem in the house we are currently living in our camper in the front yard, this gets used weekly to empty both the black and the grey tanks and has held up wonderfully over the last 3 months no complaints at all"
negative,"The overall handle quality is excellent, and better than the one it replaced on my A.R.E. truck topper. The lock cylinder is not the best though, as you have to wiggle the key a bit to allow it to work its way past the lock tumblers. My tailgate also has a lock, but it has the type of lock cylinder with the tiny spring-loaded door, like an OEM exterior lock cylinder on any vehicle. This is probably what I should of looked for, but I doubt any T-handle out there has that.<br /><br />I'm going to try some graphite lubricant to try to make the lock cylinder smoother.<br /><br />Overall, I still like the handle, and can deal with the lock cylinder. I would still recommend it."
positive,This is a very nice assortment of clips. I found ones to use on two different places on my 2022 Honda. I was having trouble finding ones that fit but this batch had them. The tool that it comes with is helpful for some things but not for others. I didn't mark it down for that because that was not my reason for buying the kit. You however might find that it is too small and opening for some of the bigger clips on your car.
positive,"Everything included fits exactly correctly. The choice in materials makes cleanup so much easier than ""value"" products that won't come off of the type of plastic used.  If you are even slightly careful when using this, there's no chance you'll drip oil around.<br /><br />There are loads of places they could make small adjustments that would improve this product - but it's already priced around HALF of what you typically have to pay for something that's simply built right, so there's no complaint from me."
positive,"With the current health climate and also prices we decided to change our oil ourselves.  Our vehicle is actually easy that way.  This is the recommend weight of oil for our 2016 Dodge Durango Limited.  Have had no problems while using this oil.  At the time we purchased it, it was the best price around.  No complaints or regrets."
positive,"WOW! Just WOW!<br /><br />Before purchasing these bulbs I was using AuxBeam which I had to constantly replace due to failure in my 2017 Subaru WRX. These Katana Bulbs, on the other hand, put out much more light and have an in-line power converter. I believe this is one of the main reasons for the bulbs stability and lack of flickering like some other brands. The convert seems to give the bulb a consistent 36 volts.<br /><br />Please, do not put these inside a housing meant for standard halogen bulbs. The light behaves differently and blinds oncoming traffic. This is illegal in most states.<br /><br />Pros:<br /> - Value, Great price for a quality product<br /> - Instant-on, no warm-up like HID<br /><br />Cons:<br /> - Finding a place to mount the separate power convert requires more work, but it's worth it"
positive,my son is a USFS wildland firefighter--- and his boots need constant attention so they stay in working shape for every fire and every new season.  Have used this oil for years!  He relies on his boots in the hottest of fires- and they stay suple and soft while doing what they need to do....protect my son!  Its the only oil he uses on his  boots.
positive,"Dumping the sewer on our Fifth wheel is not the most fun, as you might well imagine.  And they aren't all the same size in the different parks we're at.  I saw this on TV on a commercial and came straight to Amazon to find it.  We certainly will be better equipped from here on out.  I also purchased the sewer end caps, which I really like."
negative,"Did absolutely nothing after 4 coats. I called the company and apparently they said I was the only person that ever said it didn't work, which I highly doubt, and refused to help me. Do NOT waste your money or your time on this product"
positive,The key fob that came with my 2017.5 Nissan Murano was impossible to see what the buttons were. I would press the lock for unlock all the time.  With this cover it makes it so easy to see. On a side note with it being such a bright color make it easy to find my keys in my huge purse.
positive,"This is a little small for an ATV.  It would be EXCELLENT for a motorcycle.  I was able to get this on my ATV, but it is stretched super tight.  The plastic hooks were never made to have so much tension on them.  THIS IS MY FAULT.  They would be perfect for a motorcycle."
positive,Have several acrylic shadow boxes that hold family &#34; treasures&#34;.  They gather dust on a daily basis.  Novus polish mates are great for cleaning to prevent pitting and scratching of the acrylic.
positive,Killed the heat on my old 2001 jeep Cherokee! no more miss fires!
positive,Have these on the front of my quad. They are very bright and haven't had an moisture build up inside of them. They have been fully submerged under water many times and still work great! Will definitely order again.
positive,Some store is selling this product so expensive but i find great this bought it from here in Amazon. I definitely recommend people who has back pain or drive most of the time should get one of this. It will massage your back while you are driving.
negative,I do not think this is an original flowmaster. I received it and the welds llooked poorly done. The paint was scratched and chipping off you could see a lot of silver coming thru. You can see  the flowmaster writing on this but I am not sure that they would have shipped something that looks so poorly made. I am skeptical to put this on over the weekend because I do not want to end up buying another if this does not work.
positive,Guess I didn't read before I bought these. They are cool as all get out but they dont just slide in. You have to take your grill cover off and clip them in but it takes some pushing to get them to clip.
positive,"This contains everything you should need to rebuild an already complete Holley 1904 carburetor.  The quality of the parts in the kit is not as nice as the original Holley parts, but this is what we're stuck with present day to service 50+ year old things."
positive,"These are light weight, easy to Stack and lock in to place for storage. Easy to stack when leveling our motorhome (39 feet long). We had to stack 4 high in the front to level the motorhome. We purchased two set of these leveling blocks to do this (4 blocks high on both front tires). These blocks were sturdy with the weight of the motorhome. We felt save using these.  These block are long enough that You can used these on the rear with Dual tires."
positive,I really like the stuff Dorman puts out.  The part itself only took about 30 minutes to install and was very nice quality.  Taking off the door panel takes some time and should be done carefully don't ruin the cover!  The motor is a little louder than stock but not much at all.  Everything looked prefect right out of the box and the hardest part is getting the regulator in the door through the hole but sure enough it will fit.<br /><br />Overall this is a very very very easy thing to replace on your window.  DIY and save a lot of money.
negative,You get what u pay for. Fits but the quality isn’t that great.
positive,The clip could be a little longer.  Keeps falling off the vent.
positive,"I have not ran it as of yet , the inverter box itself is nice , small but according to reviews ( why I selected this ) is like 1300 sales 4 1/2 stars !<br />GOD bless ,<br />Robert"
positive,"This is perfect fit for the back seat of our Nissan Titan. We didn't want to place bags of ice just on the floor of our new truck. Store to home, it's not a ice chest. Holds bags of ice and doesn't leak. We carry our grocery bags also so they don't slide everywhere. We can also use it with a bag placed inside, as a large waste basket for when we travel."
positive,Seems to be working perfectly with my Toyota corolla 2003.  I've had no issues with it so far.
positive,Product works as designed and is pretty sturdy. This is far superior to the cheaper trailer locks I've tried before that have a U shape to them. This is a nice lock
positive,I love this stuff. I have boots and purses that were really drying out. This makes them look new again. I will NEVER be without it.
positive,Smaller than I thought but works great with my Medala breastpump and fast charge phone adapter.
positive,"Looks great, really adds to the appearance of my Ram truck.  Installation was pretty easy, but the directions could have been a little better done.  It is holding up really well, and get a lot of compliments.  I added two LED light pods, the holes are already there and plugged with rubber plugs.  I added their tow hooks and the license plate bracket as well."
positive,"This is so unique and adorable! It came with the scented disc's to insert inside of them. I couldn't really tell what the fragrance was because I didn't open the package due to me already having air fresheners, so that's why I only gave it 3 stars. But regardless of that, I like it mostly for decoration."
positive,"These worked great for my 2005 4Runner. Our other fob broke where it connects to the key ring. This was way cheaper than paying $153 at Toyota to order a new fob. Just pry off the back of your current fob, take out the chip and put the chip into the new fob. It works great."
positive,"First time user.  Heard the scent was strange & wonderful so I had to try it.  Upon opening the package I was immediately hit in the face with the scent which then proceeded to invade literally every corner of the room.  I closed the adjustable vents but still had to take it out to my car because the scent was just too strong at first, even after putting it back in the box, in a drawer in my desk.<br /><br />I will report back after letting this air out a bit in my car, but, initial (strong) scent notes I get are primarily citrus & bubble gum, in that order.  I'm not entirely certain how I feel about it yet, but like I said, I'll report back..<br /><br />Also, for anyone having issues with authenticity; the seller I purchased from was CNS Motors, Inc located in South El Monte, CA.  It was not Prime eligible but shipping was free & quick.  Ordered 10/21, delivered 10/26, (would have been delivered 10/24 but I missed it).  Like another reviewer, I too, do not plan to purchase the separate fancy case for this, as it will just be sitting on the floor under my seat.  Yes the case looks cool, but I'm not ok with the adhesive mounting strips.<br /><br />I mostly look forward to telling passengers what it is when they ask..<br /><br />**UPDATE 10/28/15:  I have decided that unfortunately I do not care for the scent, but I have kept my rating at 4 stars because the performance of this cartridge is truly impressive.  I have frequent migraines & I can tell this scent would be an issue for me.  For those that enjoy a strong, deep, permeating scent, then this is for you.  The cartridge was only in my car a couple days, 1 of them, shut in the glovebox, & even now that I have a new air freshener, I still initially smell Squash when I get in my car.  I had to seal it in a ziplock at home because it was making its way into every corner of my house, just after sitting on the table overnight.  Hopefully I'll find someone that does enjoy this scent, that I can give this to because I really don't want to throw it away.<br /><br />Overall, I still highly recommend for the performance.  I just don't care for the scent, which I now feel is primarily bubble gum (plain BubbleYum to be specific), followed by a sour (not a bad sour) mostly lemon-y citrus.  It is definitely unique."
positive,"I bench tested the charger output across a range of programmable power supply conditions for advertised charge output functionality based on reviews. The charger inserts itself in a feedback loop between the battery and the charger's uP control. The uP firmware reacts with both amp and voltage output and adjusting to a firmware version of an optimized charge.<br /><br />To be clear, there is no solution for answering the most important question, ""How much longer will the battery last?"". It's a great opportunity for someone to patent a device where the battery physicists can't find an answer. As a physicist, my answer is consistently, ""Buy the next battery the same day this one goes out of warranty"". The warranty life is statistically based on the results of design life testing of large sample lots. For any specific battery ... buy a new one the very day it runs out of warranty.<br /><br />The system performs as advertised. The charger becomes a component in a closed-loop feedback cell when attached to the battery. That's a step function improvement over the old-school trickle charger.<br /><br />My use is deep cycle marine batteries. These are different from car batteries. A deep cycle marine battery encounters all sorts of more complex transient and parasitic situations. In the worst case and through a series of unfortunate events, you can dissolve your aluminum boat in the water, pit the prop or sacrifice the season's sacrificial plate overnight.<br /><br />Sophisticated, value for money charging system. Works great with marine batteries. It should work better on your car's battery. The best car battery solution is to buy a new battery on the day the warranty expires.<br /><br />Was my review helpful? If so, click ""Helpful"" so I can know."
positive,My husband bought on a whim but this is a nice kit. The light are magnetic and bright. We keep the kit in our car just in case and hope we never need them but if we do I know they will keep us safe by lightning up our car.
positive,it did not work out but great support; would do it again.
positive,"The rear side reflectors broke on my Vespa LX 150 and these cover the holes, provide the same, if not better, reflection properties and look soooo much better than those stock, clunky chrome 'doorstop' shaped OEM ones."
negative,Don't waste your time with this product very cheap plastic very brittle the clips break every time you try to install this peace.
negative,"Fog lights were not compatible for a 2009 Chrysler 300 even though it says it is. The main grill was compatible, but the two fog light grills were not."
negative,"I’ve had this for about three years and I’ve used it on a lot of batteries. I don’t find it useful because when you enter the CCA rating for the battery, after the tester does the expected checks of voltage and continuity between the cells, it compares the CCA to a number it somehow pulls from the battery. If the number isn’t within an expected range, it tells you to recharge the battery and try again. When you recharge the battery, it usually passes the tests.<br /><br />What it doesn’t pick up is the ability of the battery to hold a charge for any length of time. So I’ve seen batteries pass the tests and fail to start a car a day later because they can’t hold a charge.  If this device were actually capable of doing a test under load, it would detect this fault in the battery.  But it can’t. It only detects obvious faults like low voltage, which you could see with a volt meter, or disconnects between cells, which again you could see with a volt meter.<br /><br />It has the ability to read alternator output.  I don’t know if it accurately does this since the alternators I’ve tested with it all seemed to work well. The tester just confirmed this. I haven’t tested a bad alternator."
positive,"I use this to secure 2 large totes on the 6' bed of my off road truck.  Took a minute to figure out the straps but once I got it right it works great.  Keeps totes from bouncing around, quick and easy to access.  2 years of abuse and still look as new."
positive,Break one every time i go to the dunes with my paddle tire..
negative,THIS DOES NOT FIT THE 2007 HONDA CIVIC SI!!! DO NOT BUY THIS IF YOU ARE NEEDING FOR THIS CAR!!! THERE IS NO WAY IT IS CUT FOR THIS WINDSHEILD! IT IS WAY TO BIG AROUNF THE MIRROR THEN WAY TO SHORT TO COVER THE ENTIRE WINDSHIELD AND IS JUST THIN FLIMSY CRAP! I CANNOT BELIEVE I WASTED MY TIME WITH THIS! COVER CRAFT SELLS THE REAL CUSTOM FIT LASER CUT SUNSHADE FOR THIS CAR ON THEIR SITE! ITS $70 BUT WORTH IT IF ITS GONNA FIT AND PROTECT AS IT SHOULD!! JUST BUY THE.M COVER CRAFT AND SAVE SOME TIME AND MONEY!! THEY EVEN OFFER DIFFERENT COLORS!
positive,Even though it said it wouldn’t fit Maserati levante it did fit and was easy to install for me a female. Closest color I could find to match my dark red interior. Feels comfortable and looks good great buy!
negative,Took several applications to see any improvement. I read the reviews before purchasing. The Positive reviews never stated how often they had to apply to get the film off of the light cover
positive,The female electrical socket was not a perfect match for my 2007 suburban. The male connector still pushed in and worked but doesnt lock. Its just tight. I check it from time to time and its still in. Of course a trouble code would come on if it wiggled out from off roading.
positive,It came packaged well and it looks new. Glad I got it because it saved almost 200 from the dealership.
negative,"Feels thick and sturdy, but came rusty in the inside? Hoping it holds up over time without breaking in the middle from the rust."
positive,"I practically live in a vehicle.  I not only take my dog on mini road trips, I also drive a bus and a minivan for a senior living center.  I can barely eat without a steering wheel in front of me, so this tray is fantastic.  I can spread out my lunch without trying to balance it on the center console and have to eat sitting side saddle.  I also have to wait for my passengers sometimes and now I have a great way of playing on my phone or tablet or doing minor paperwork.  This is a great product which is strong and should hold up for many, many years.  It fits beautifully on my Chevy Silverado truck, but is a bit iffy on my Fiat’s steering wheel.  The steering wheels on the company Dodge Minivan and our Chevy Converted handicapped equipped bus are also able to hold this tray.  Three out of four isn’t bad."
positive,10 stars if I could. I poped this in my 2014 1.8t passat and instant improvement over the paper filter I can feel the difference between this filter and the stock filter. It revs faster has a throater sound and it now spins tire between 30 and 50 if I mat the gas. I can't blow through the old new filter easy but this I can blow through with ease. My milage also is averaging 42 to 46 from 35-37. I've seen minor. Improvements using these on various cars like my old mustang and my 02 passat but this is the most drastic improvement on any car I have used a k&n on
positive,Easy fix to do. After watching a you tube video on how to do it I had the part swapped out in about 5 minutes. Looks and works like the original.
negative,I bought the. Healer brand before and it seemed to work better. I did not notice anything with this.
positive,Fit great comes with Everything you need installed on a 2022 Nissan frontier pro 4X
positive,"Exactly what I needed. Worked perfect, saved me a lot of money. Arrived on time, in perfect condition."
positive,It’s the second type of cellphone holder. It’s all made of silicone so it’s soft enough to not break down as the bike running across bumps and rough roads. So far so good.
positive,"Well made hitch, had it installed by a company that sells and installs hitches, was not easy to put on. Installer actually said it was best to just remove the bumper of which he did but said it was a very tight fit, required a few blows with a rubber hammer!"
positive,I like them. They look very good. Seems like decent quality..Just put them on a week ago..Lets see how stand up to the Florida sun and salt air.
positive,"Fits well on my 2003 Honda Shadow 750 Ace Deluxe. Pretty well made. Seems very sturdy. Like someone else commented, back pad has thin wood inside to mount 2 screws to. Hopefully, they will stay secure or I may have to figure out another mounting option. Not like it really needs instructions to put together, but there wasn't any in the pkg. Overall, a superb deal for the money."
positive,"I replaced my my downstream o2s on my 14 mustang and they work flawlessly , they are great quality and look almost better than the motorcraft, i hope they last some time"
positive,"This turbo is a K03 turbo but it’s a good one. I drove about 100 miles with this turbo and I can honestly say that this turbo maybe better than stock. I have a diverter valve and turbo muffler delete with a stage 2 tune and the turbo sounds good. You can really hear the turbo spool and it sounds better than stock. The serial numbers on the turbo matches a K03 turbo. I posted pictures of the numbers so you can do your research. I received the package in one day and all the parts are included. Was really hoping that this was a K04 turbo, but this turbo is not bad."
positive,its a tight fit and took a little work to get it onto the steering wheel but it should last a long time
positive,"I bought this cover hoping it would be big enough to cover my Triumph Thunderbird. I brought it primarily to keep my bike free from airborne dirt, dust, pollen, etc..  In addition to the basic large size of my motorcycle, I have a full size windshield, a sissy bar back rest w/attached passenger arm rests, a rider back rest, a luggage rack, jumbo saddlebags and two flags mounted on the sissy bar. This cover fits over the whole bike with all the accessories with room to spare... no stretching or excessive tautness anywhere. The only thing you can see is the bottoms of the tires/wheels. There is plenty of extra material to allow me to use the security straps thru the wheels to keep it in place. I also use a heavy Kryptonite chain to fasten it to a fence post... the chain fits thru passthru grommet holes, no problem. I can't say much about the water resistance since I keep my bike under a carport (so no direct rain), but it looks like it should do the trick. I also can't speak to the durability as I've only been using it for a couple months, but it's still looking good (for what that's worth). So far I'm really quite pleased with this cover since it fits without a problem... Recommended if you have a BIG bike to protect."
positive,Sticky tranny on my Odyssey.<br />It fixed the problem. As good as OEM
positive,"Soft material, hold suds well. Mothers makes very good products imo"
negative,"Super easy to put on, looks fine, but the reception is terrible not even worth trying to listen to the radio. If you want it just for aesthetics it would be perfect"
positive,Fits our old P500 5 gallon gas cans to enable using  the new EZ Pour spouts.  Thank you!
positive,Looked for largest car cover and this seemed to be it.  Fits new Lincoln very well but extremely snug for 55 Dodge sedan
positive,Can't go wrong. It really fills up fast. Easy to use. Cheap. I recommend
positive,Purchasing a genuine Volvo replacement lens for a cracked lens on a 1998 Volvo is a very expensive proposition. This very inexpensive alternative fits perfectly and works perfectly.
positive,The purple is good but this is the best ... I've completed my Quest
positive,I finally tried this out a couple weeks ago and was happy to have a no spill event. I used it on gas but will try diesel soon.
positive,"We installed this on a post near our hot tub steps, works great to use when getting in and out"
positive,"I bought this rear brake hose for a old beater project that is a collection of car parts. 1927-1928 Star M frame, 1946 chevy truck front end, 1970 maverick 170 cu in motor with three speed manual transmission, and a 1967 mustang rear end 7 inch 4 lug...this rear brake hose looks just like the cut one i pulled off the rear end except that the old one was brass and this one was some kind of silver colored metal..steel? it fits just like the old one and the 1946 chevy brake lines fit the foward facing end of the hose. 1/4 inch fitting on that end and 3/16 on the two ends going to the wheels.  the brakes feel good."
positive,"Reuse the original clips because the new ones are thin and will twist.  Futment isn't perfect but unnoticeable once installed.  Been a few cold weeks and no condensation inside, but no rain yet either though.  Time will test it.<br /><br />These lights switch the signal and reverse bulbs so the wiring will be tight, but it will still reach.  The lense cover is light (red version) so you can see straight into the bulbs and even the reflectors.  The bad:  looks cheap.  The good:  bright and noticeable when the bulbs are on."
positive,I like a heavier gear oil in my harley. Works great
positive,"August Auto Heavy Duty 4pcs Universal Fit Rubber Car Floor Mats, for Cars, SUVs, Truck, Vans are truly superior floor mats. They are made of a heavy duty rubber and are designed with enough grooved channels to protect your vehicle from both water and snow, of which we get an abundance here in the Midwest. These fit perfectly in our GMC SUV- both in the front and rear without needing to trim them. But, should you need to trim them, they are designed to trim them along the channels and still maintain a beautiful design. The back of the mats have an anti-slip backing, which is really nice, so they don’t move. They are easy to lift and shake out without spilling the water everywhere. Wonderful, non-slip, heavy duty mats that keep the water in the channels until you shake them out. 5 STARS."
positive,"This is the second battery of this type from this company I have purchased over four years. The product is very good and lasta a long time. Used in an alarm system.  The price was outstanding, as the same product goes for several times more from other companies."
positive,"Arrived on time,packaged nicely and easy to open. Perfect fit. Just what was needed"
positive,"Great product, unfortunately had to return due to lack of clearance between rail system and tonneau cover."
positive,"I didn't do a good job applying, but that's my fault. Color was perfect. Instructions were good."
positive,My husband has been using Rain-X Weatherbeater Wiper Blades since they were recommended by our mechanic who we've trusted for years. He likes them a lot and says they do a great job and last a long time. We buy them here on Amazon because we save a little and they're easy for him to put on himself.
negative,It's a pain to put in and adjust for each cup/bottle size without removing it from the cup holder.
negative,To hard to put in.  I could not even get my local body guy to deal with them.  I retuned them.  They do look good however.  They will charge a restocking fee.  I think it was was a bit excessive.
positive,Catches all that god-awful sticky stuff and keeps hard pieces from sliding around in a little cubbies works well
positive,Worked well in my 63’ Chevy C30. Glad to get the old generator out of there that weighed 3x as much as this alternator.
positive,"It's summer and that means the kids are riding their bikes almost every day. Somehow, the tires always seem to lose air every few days. They don't like to pump their own tires and bug me a lot. I got this digital pump ski they can maintain their own bikes. You set the psi (35 psi for both bikes) and it will automatically stop when the tires are ready. No more excuses! Factory charge can probably last all summer. Love it."
positive,"After one year of being exposed to the Florida Sunshine, they fade away very quickly. So expect on repurchasing this set every year. However, if you keep your car in the garage, I would say that you could probably have this for 2 years before replacing it due to the color faded"
positive,"It's small, but sticks in place very well.  When the GPS is removed, I simply leave the base on the dash.  It isn't in the way at all."
negative,"You get what you pay for. These are cheap, really cheap... The ends collapsed and popped off"
negative,"Had so much potential but fell short. Opens and closes easily. But after the THIRD use, two of the spokes poked out of the material scratching my windshield grrrrrrrr closing it back up after it happened, another broke through. Sending it back."
positive,Bought this along with the required extra long pins for my 2019 Tacoma. Fits perfect in receiver and will be great for keeping my keys while kayaking.
positive,"Nice lights. They are very bright! Wish there were other lenses like smoked. I replaced my other lights that had burnt out due to water. For this set, I took some superglue and applied it around the perimeter of the lense just to seal to be safe. Also, note(!) This only fits the TRD Pro grill. Luckily I had some plastic clips from my previous install that adapts it to the Sport grill on my Tacoma."
positive,"Worked perfectly on my pearl white, 2011 GMC Sierra Denali truck. Looks great! Works great! Highly recommended if you have a similar vehicle."
negative,The quality of this product is very good i like the idea but it is too small
positive,"It came well packaged and protected, and they even included extra double-sided tape. But you won't need it unless you remove it.<br />It's a good snug fit, and relatively easy to install."
positive,"Read other reviews about missing parts , wrench not fitting,  packaging no good ,instructions poor , well all is false , just received for my Father's day gift , Looks A-1 TO ME ."
negative,"Why would anyone make an oil drain pan with a spout that is flush with the top rim?  That's not a spout.  Unless you pour the oil out of this thing at a ridiculously slow rate, the oil just flows over the sides and misses whatever you are trying to pour the oil into.<br /><br />This thing is going straight into the trash."
positive,This pump was installed in a 1999 4.3l v6 Silverado.  The hardest part about changing the water pump is removing the fan. You need a special wrench. If you dont have one you will struggle a bit. Also make sure to clean the gasket area well. So far the pump has not leaked. Replaced the old one because it was leaking by the weep hole.
positive,I bought this fob for my Hyundai Sonata because the original was no longer working . I followed the directions and the new fob was set . For 60 dollars this was much cheaper than going to the dealer or locksmith. I would highly recommend this seller and product . Any negative reviews are probably due to ordering the wrong fob .
positive,"Installed them on my Jeep Cherokee. They work great, even in South Florida rainstorms."
positive,"My KC lights worked just fine. However my covers had seen better days. After owning them for 5 years, I decided it was time to replace them. For being that old and in the elements constantly, I can't complain. I bought these replacement covers and my lights look like new again. Very sturdy."
negative,I wish I Woukd have read the reviews before ordering. This DOES NOT fit a Chevy Malibu Maxx!! Sending back for a refund.
negative,"As a test, I used Leather CPR on one side of my purse only.  I can't tell the difference from one side to the other.  I followed the instructions exactly.  I even purchased a new sponge.  The purse is cognac/luggage colored.<br /><br />No difference = why buy?<br /><br />What a waste of money."
negative,Description said would fit 2004 Highlander but single hole 0n bottom is on wrong side of filter.
positive,Not the first Optima I've owned.  By far they've been the most reliable batteries I've used.  Red top is fine for the small pick up it went into.  I prefer the Yellow top for my Jeep because of the winch.  But very decent quality battery and worth the extra expense in my opinion.
negative,"Too much plastic on these bars and this makes them look like a cheap set. For the money they want for them I really dont see the quality to match it. Im so glad I found a set at my local parts store to look at first before wasting my own money sending them back, as I surely would have sent them back.  The plastic end caps are cheap looking imo & it makes them look low quality. Anyone who thinks they want these I strongly suggest you first try looking at them in person if you are able to as there are much better bars for this price or even cheaper, just look around."
positive,My JEEP Grand Cherokee WK2 was SO NOISY from the hitch moving around inside the receiver. This simple fix resolved the issue 100% by applying downward torque that mimics constant tongue weight.
positive,Bought two for crv Trunk .fit perfect for groceries.easy to fold up and store.Very sturdy and large.
positive,I had to order this replacement seal because i damage the old one.It worked great with no more fluid leaking. It was the exact replacement.
positive,"When you purchase, make sure it says ""Briggs and Stratton Store"" which is done through Amazon.<br /><br />Referencing your engine manual, this is parts 590601 & 590602 which includes the foam pre-filter.<br /><br />Perfect fit on the 9.5 GT (B&S Model 130000) that comes on the DR Chipper/Shredder (Generac)"
positive,I own a 2006 Toyota Tacoma PreRunner and the front mudflaps have worn (and ripped) on both sides despite the truck only being 7 years old.  I was quoted $85 by the local Toyota FOR ONE MUDFLAP and a used mudflap at a wrecking yard was $40.  These mudflaps are FAR superior to OEM and I highly recommend them.  They are slighltly shorter than the factory ones but you can't really notice any difference.  I bought the front pair and I told myself that I would also buy the rear pair if it didn't look good . . . . not necessary to do so but all 4 guards can be replaced for the price of ONE mudflap from the dealer.  Installation was easy . . . there are only 5 screws on each flap and it took 15-20 minutes to install the front pair.
positive,Really can't beat this simple device for topping off coolant in my car. It's super simple to use and makes filling up the radiator with the correct amount a breeze.  Plus it makes it very easy to put back any excess coolant back into the jug.  No spills. No mess. Love it.
negative,Unfortunately the wires are not correctly put in place. You have to move the positive down to the center which is dumb. They have no leads so you have to make your own leads to the source that you're powering. You will have to buy connectors. Not sure if I'm going to keep it actually I may just return it. The other one I bought had labels and you were able to label each switch this one doesn't have that feature I'd like it. I may return it just for the fact that there's no labels and that you have to make your own leads.
positive,"My son in law, who is a mechanic, tested this and said that for everyday people, it is very fast, accurate and worthwhile to own. He also advised that the only things better get sensors and things like that. Those cost a whole lot more. For the at home mechanic who wants to check their vehicle to see what is wrong with it, he said it is worthwhile to have."
negative,"Ordered 2 sets of 6 pcs in total. 1st set of 6 worked fine while other six did not work at all. Tried to change them with working ones, and it turned out so that the 2nd set of 6 was really malfunction. Very disappointed. Try smth else"
negative,Loved the sticker but was upset when I got it because it was all bent up.
positive,"Ok, we have very good polisher I know Chemical Guys have my back."
positive,"Nice, they have Velcro underneath so they won't slide any direction. They are a few inches short for Model Y 2021 because of the seat risers design change."
positive,"Fit well, great price. Great alternative and cheaper than new seats for a Jeep who carries dogs and leaves the too off. Husband likes them a lot!"
negative,"Not as plush as photo and Velcro u derisi de, not what was expected but may be better for slipping."
positive,I added some high heat spray paint around where the old muffler had rusted through hopefully prolonging the life of this new one. Installation was easy and fit my 11 Cube perfectly.
positive,Just what my husband wanted. Word of advice take headlamp assembly out for easier installation.
negative,Not worth the money. Does little if anything to reduce noise or vibration.
negative,"These crosses are flimzy, very sticky on the top and hardle sticky on the bottom. They are all bunched up and looks like someone crumbled them in a ball.<br />They are dirty looking and no where near shiney like the pics show them to be.<br />Waste of money... DO NOT BUY"
positive,"Bought for an 09 Rhino 700 SE, fit was great and no issues after 6 months of riding."
positive,Awesome travel bag. We took it on a 6 hour drive through heavy rains and everything was bone dry when we arrived.
negative,"Very rigid and hard to install on steering wheel.  I have yet to get it on. Instructions state to warm it with a hair dryer. Last I checked,  there aren't sufficient plugs in a car to use a hair dryer. The purpose of the cover is to protect my hands from the cold steering wheel.  If I warm it in the house, it'll be cooled before I get it outside.  I'm in the northeast!"
positive,"The in-line channel vent visors are the most professional appearing, so it was what we set out looking for.  Several years ago had to buy directly from Lund (Auto Vent Shade). So glad Amazon offered these, as they are identical to ones we bought for an identical car.  Excellent fit, easy to install, and does the job they were designed for."
positive,Great hitch !<br />Simple install on 2011 chevy express<br />1/2 ton
positive,"I bought this clock to put on the dashboard of my boat, and it is perfect.  It takes up very little space, and if you did not know it was an add-on to the boat you would assume it was original equipment.  It was very easy to install and set the time.  I will be curious to see how long the battery lasts, and how difficult it will be to replace the battery."
positive,"Living in the cold batteries have a tendency to die when you least expect them. On top of that we have a couple of vehicles that don't get driven as often so we like to have these for our various cars.<br /><br />Luckily it has been a warmer than usual winter so I haven't had to use this to jump my car yet so I will update my review should I need to. However, the rest of the features on this are great. The light is very handy, the air pump worked great for my son's scooter tire (have not tried it on the car tire yet, figures my husband just got the slow leak fixed on his truck).<br /><br />My only complaint is that this is a little heavier and bigger than I would have liked so it will probably go in our truck and I will move our other one to our car. I understand that this is still very light and compact considering all it has to offer but thought it was worth noting."
positive,"The hitch was very high quality, paint is great, and the item was very easy to install. I installed it without help in approximately 20 minutes start to finish including clean-up.  I have used it a couple times and very easy to use. It is high quality and fits as specified."
positive,That a little piece of fabric could make such a big difference?!? Fab!
positive,Its is too high to fit under the visors so I added a tube between the handle and the shift knob to hold it in place.
positive,"Used this to clean my leather sofa, made the kids help.  Dont really have anything to compare it to, as this was my first time using leather cleaner before.  Dont have any complaints at all.  Plan on using it again as needed.  Would recommend it."
positive,We have a refrigerator in a newly built garage space that has a 4” concrete curb at base of interior wall. This perfectly protects the fridge door from any damage when it gets opened against the concrete surface. Very easy to install; cut with a serrated knife to fit. Good solution!
positive,"Dealer wanted $65 for this filter installed.  Installation takes about 30 seconds.  Despite looking superficially clean, my filter was definitely overdue for a change: this replacement got me an extra 4mpg."
positive,"Extremely good price versus the dealer. My symptoms initially was a frequent motor sound from under the dash, then eventually it went full hot or full cold, but if I smacked the motor it would work (just worn out) Once I figured out how the change it, it only took me a few minutes to install. Works perfectly and everything is COOL again."
positive,Call me lazy but this tray is a game changer! It holds my items very well and doesn’t make it uncomfortable to sit in the driver seat at all . 10/10 recommend
negative,The mirror in its clear plastic packaging appears to be foggy. Once opened it is okay.
positive,"Just installed it on BMW R1150GS (photos) and major points are:<br />- Very practical size for SLR camera, powered GPS or cell phone (inside map window), winter gloves, straps, misc stuff<br />- Securely mounts to curved tank with easily installed straps which can stay with bike<br />- Narrow design avoids handlebar bump (and annoying horn button contact on GS)<br />- Clever rain cover will expand up with tank bag and is quite secure, including anchor loops that go around bag's straps<br />- Looks nice, but can be easily removed and carried if it looks ""too nice"" to leave unattended<br />- Easy access to fuel cap if two front buckles are released and secured with strap keepers<br />- Build quality is very good but, as expected, not as heavy duty as tank bags costing over $200, especially map window<br />- Build materials appear more suited to highway use, not bouncing down dirt roads if it is heavily loaded<br />- No experience with its real world touring performance yet, but my 35 years of riding motorcycles and owning 7+ tank bags leads me to rate this one as a winner that will last a long time with reasonable care."
positive,"Installed on the serpentine belt tensioner of my 2005 Pontiac Grand AM 2.2L Ecotec.  A new tensioner was about $60. so just replacing this part was a cheap fix.  My old pulley had some deep grooves in it and I didn't want to reuse with the new serpentine belt. Getting the tensioner off is a bit difficult.  Installing the new pulley is easy, but the real trick is getting the tensioner back on in such a tight space and getting the bolt started.  Two people would make it easier, but I used grease to stick the tensioner to the engine while I got the bolt started."
positive,"Bought this quite some time ago and the first time I used it the battery was dead. Finally got to use it today and it is very easy to use, the display is easy to read during the day in the shade. You need to make sure that you store it so the on button doesn't get pushed as the case is relatively soft."
positive,"Although I ended up returning this because I decided I didnt need it, THISWAS A GREAT BUY. It was just as pictured  and a great price."
negative,I think my wife used these once. Theyre janky to say the least but I guess they do block the sun...
positive,"We loved the ease of having this on top of our Hyundai Tucson. We drove through multiple winter storms with blizzards, gale force winds, and driving rains. This held. We had suitcases and other random small objects shoved into this and it held the entire 1600 miles."
positive,"My son added headers to his 1975 Chevy Nova, and he need this part to get his automatic transmission hooked up properly.  He says it was pretty easy to do, and this works exactly like it is supposed to."
positive,"Here's something I learned the hard way when I changed a tire with an inner tube for the first time. If you don't inflate the tube a little before you spoon the tire over the rim with an iron, you will pinch and inevitably puncture the tube.<br /><br />I can't vouch for the longevity of this tube but it certainly does the job."
positive,Use this on the wheels on my F150. Works just fine. Holding up well. Great buy and great shipping.
positive,"Some reviews of this product and similar ones from other brands suggest replacing the grease fittings with 45 degree angles to allow easier fitment of the grease gun nozzle after installation.  I did this for the driver's side (first to go in) but upon close inspection it appears to be unnecessary.  On the passenger side I left the straight grease fitting in place and ran with it.  There is just a bit of bind when installing the grease gun nozzle but it is still easy enough to wiggle on and off.<br /><br />I don't know if there is a difference between the right and left sides of the axle housing, but the driver's side was extremely difficult to install and get seated, yet the passenger side just falls into place!  Also, the unit installed on the passenger side appears a little bit deformed on the inner surface - it is not round.  This caused a bind on the axle shaft.  Combined with the loose fit inside the axle housing, as the axle shaft rotates it will also rotate this dust seal until the grease fitting stops it from turning any further - there is about 1/4 free rotation total on the passenger side but the driver's side is a firm fit.<br /><br />Overall I really like this product.  This is soooo much better than the little plastic cap Dana used.  This should be an OEM part."
positive,"Best Windshield wipers I ever owned. Sturdy, cleans window, doesn't skip spots. Had another brand that was pretty flimsy. These are a major improvement on that."
negative,The item works very well till you try to unscrew the air hose then you will lose around 25% of the air out of your bike's tire. I guess it was not designed to work with bikes tires because it doesn't have a quick release and you can only unscrew it
positive,I love this unit.  I keep it hooked up whenever I don't intend to use my Ranger for a while.  I love starting up with a battery that's fully charged.  I'm using this on an Optima Yellow Top battery.
positive,Fit and worked perfectly on my 2008 Acura TSX. Very impressed for the price. Also didn't have to deal with a core charge.
positive,"Way cheaper than mopar, looks OEM, no issues! just remember to keep the wiring harness from the old one! I am an expert with these  vans and I don't mind these at all. Faster and cheaper than OEM. No quality issues so far."
negative,Did not fit as described<br />Fitting on servo end requires commercial installation of one time use fitting not on this hose.<br />Very few steering hoses are like one size fits all socks.<br />This one was not even the correct diameter.<br />One case where I should have paid more attention when buying and the pictures and reality did not match.  This was my fault.<br />Supposed to fit but not ever going to.
negative,"It is cheaply made as I said in the headline. If you only need a gauge set for occasional use, this can NOT be beat. When I was younger I was an auto mechanic and has a really good, glycerin filled set (stolen sadly). This does not compare to that but it worked just fine for setting up my mini split."
positive,This is a great product.  Very sturdy and easy to use.  I love the button that releases air while it's shoved into the valve stem.  You can easily get your tires exactly at the right pressure.
positive,Nice set up but did not have instructions and had to partially disassemble the lights to get them to fit into the bumper. The led running lights are a nice addition and the halogens are bright.
positive,"After comparing several name brand (Whelen, Federal) light bars, I picked this one and I'm glad I did!<br />Very bright, multiple patterns, excellent Plowing light!<br />I would highly recommend this!!"
positive,Does not fit on model y. Good for other SUVs or sedans.
negative,"Product seems great, however the seller listed it for the wrong motorcycle so I could not fit my bike"
positive,Love E-Autogrilles. I have bought several and have never been disappointed.
positive,Perfect fit and saved so much money by buying this and having someone put it in.
negative,We used this on an off white couch to try and remove some stains.  It brought back some luster to it but did nothing for the stains.  Was recommended by the company.
negative,"I bought this one used but it showed up without any instructions , missing nuts and bolts, cheap....."
positive,"I got these for my wife's car. Perfect fit, easy to install. Works on a 2006 Chevy Impala"
positive,He’s just so cute! He makes me smile just looking at him! The scent doesn’t last long but that’s not what I bought it for anyways!
positive,I was able to make this kit work for tethering a Stant brand cap to my car.
positive,I like this fob cover. It’s a little stiff but I expect it to soften over time. It’s nice looking too.
positive,I am a retired mechanical designer and I really appreciate a good innovative design and this is definitely that. I honestly haven't used it yet because I just finished lubing my cables using the plastic bag technique and thinking the whole time that there has to be a better way of doing this. So I got on Google and found this unit. As said this is an outstanding design and well made of quality materials. I will update this after using it.
positive,Use it to swipe my sweat off during my workout. I love it.
positive,"I ordered this primarily to collect crumbs as well as being easy to wipe off.  This fits that bill nicely.  It doesn't slide around on my seat and while it doesn't look amazing, it doesn't look crappy either.  I ordered a 2nd one."
negative,It’s alright… it’s works as it is. Just don’t think the quality is as it’s best. For what it is it’s ok.
positive,Necessary item for OSHA regulations.  You can clearly see pictogram.  I'm happy to have found them on Amazon.
positive,"Boyfriend just got a Rubicon - black with red accents - and this antenna was perfect to replace the ugly antenna that came 'stock' with his Jeep. Inexpensive, reception didn't change, and it looks great. No longer looks like a 1979 antenna trying to tune in a radio station on Jupiter. Or ""breaker 1-9"" with Smokey and the Bandit 😜."
positive,"The visor sticker/vinyl is great!  It's a simpler way to cover it up with something (tint, graphic or otherwise) without the hassle of heat and stretch products.<br /><br />I would like to suggest to the developer though, that the stickers be reversed, so they can be adhered from the inside of the helmet.  Reason being, while you can see through the sticker (perfectly fine when it's dry), when it rains the perforations fill with water, making it impossible.  If the sticker were on the inside of the visor, then that would not be an issue... making visibility MUCH better in wet weather.<br /><br />I'm going to buy a black one and hope that it's black on the stick side also and test that expectation."
positive,This is okay for a trunk. I wouldn't buy the floor mat edition of this.<br /><br />Overall is ok.
positive,"Installed great, didnt need the extension some say you do. Looking forward to easy changes! Why this is the first car I'm putting it in and not sooner, I have no idea. Oh this is my first vehicle with a high clearance lol"
negative,Don’t waste your money. Installed a pair and one of them started flickering within six months.
positive,"Great to have over a bicycle pump, or dragging out the compressor and hoses for anything that needs inflating."
positive,They look great on my 2010 ram 1500 big horn. wish they came with led reverse lights. A lot of reviews said they malfunction or the seals leak but I haven’t had any problems with mine so far 🤞🏼 Been three months
positive,This is exactly what I was looking for and I was able to do what I wanted. I would recommend this product
positive,"VERY tight fit, as it should be. Take the time to install straight and it works great."
positive,"Works.  Doesn't smell weird.  No staining.  Easy to use, non-clogging spray nozzle.  I really like being able to use one product for complete leather care.  It's also nice to have one bottle for my car, shoes, belts, etc.<br /><br />Bottom line: totally worth it!"
positive,I love these hooks. They go right onto the headrest in seconds. They are strong and can hold a lot of weight. We hang backpacks on them to make it easy for the kids to grab them when they are getting dropped off at school. They are good quality.
positive,"Great service from Amazon my body shop still had not called me, I went on Amazon and toy shock i go 2 day delivery, Amazon was faster by 5 days from what I thought. Good price. Walmart installed it for $12.00. I tell everyone everyday that I am so satisfied with my purchases from Amazon. I just received my 2nd one 5 days early."
positive,These license plate frames are really cute! I love bling so I knew I would love these! They are easy to install & look so nice! They also come with a couple extra rhinestones just in case you have any come off. But I haven’t had any problems with mine.
positive,The quality was much better then I  expected. Early arrival and a perfect fit.  I am going to buy one for another car this week.
positive,"got some aircraft wire key rings and they kept unscrewing....this solved that problem yes sir ree, yup! yup it did"
positive,Denso has always made good electronics. This part is no exception. It immediately turned off the &#34;Check Engine&#34; light in my car!
positive,"Worked as required, it's bracket mounts weren't perfectly seated so some filing with a rounded file was needed to make it fit in my 2003 Honda Civic."
positive,This is a great jumper. Hooked it up and in 10s started my engine on the first try. Look forward to winter!  Easy to charge!
positive,"Broke my side view on a trash can. This one installed in 15 minutes with normal tools and looks perfect. Four stars because the mirror distorts the image slightly and the stock one was better. I pried the stock one off of the broken mirror (it was affixed with adhesive) but I was scared to do the same to this new mirror setup in fear of breaking the plastic. The new mirror is passable, but just not quite the quality of the OEM Honda one. I'd purchase again."
positive,"We’ve tried just about everything on the market for Black Tank Treatment, this is by far the best product on the market. If you like sewer gas smell, stick with one of the other brands…"
positive,Been working like a charm now for 6 months bumper pulling up to 10k with it using a 1 ton dually Dodge.
positive,Worked as described and added much needed counter space to our RV.  Seems to be high quality and will last a long time.  We leave it in place on every trip and has never moved.
positive,These are a good quality but the rear mats do not fit as precisely as was expected for the price paid.
positive,Purchased for my 2020 CX-5 GTR and it fits perfectly.  I knew the console seemed to be missing something but did not realize what it was until found this while searching for car accessories. Ordered on a whim and so happy that I did.
positive,"I like this thing a little more that I thought I would. It is simple and inexpensive chrome plated plastic. One good whack from almost anything would take it out, but it works great and looks pretty good, especially at night. A fun novelty for your Dodge Ram. You just need the 4-prong trailer light harness to connect it and the 2&#34; square trailer hitch."
positive,"If you are new to RVs, buy this. If you’re old school and don’t have this, buy it. You will not regret because the day will come when you want to fill your fresh water tank with ease. This connects to your RV and secures your fresh water line to your RV. It’s a must have for all."
positive,nice and heavy. built to spec.  snug perfect  fit.  no loss in power!  cant go wrong with these in addition to your plugs!
positive,We bought a beater for our son and didn't want to put much into the car. We installed these and they work great. Saved $300 from what the garage wanted
positive,"Well made and a must have item to back flush your tanks.  Dump the tank, then refill through this cap being careful not to overfill, then dump the tank again.  Do this each time at least once if possible.  Some rvs will come with this type of cap and some don't."
positive,Great easy to use compact adapter that is a life saver.
negative,"Absolutely does not fit a 2012 Chevy Tahoe despite what the guide says. They do not take returns, so I had to dispose of a brand new, very expensive battery. Never. Again. Avoid Optima at all costs."
positive,"While not the softest or most plush, these towels absorb a ton of water; more than the other brands that I have. I have three different reputable brands, Chemical Guys, Griots and The Rag Company and these are by far the best. Great absorbency, as I said, but also does not scratch the paint. I only need on on my Wife’s Infiniti and two will dry my F-150 Crew Cab. These are worth every penny, thus why I bought a second pack."
positive,"Neighbors’ umbrella blew into our truck and scratched along the whole side and tailgate! Of course they didn’t have insurance, so I decided to DIY it. Got rid of about 85% of all the marks, leaving just the very deep ones although they were still less visible afterwards. I’m extremely pleased with the result, especially at such an affordable cost! I’ll buy again if I ever need it!"
positive,"Required this socket to change oil on 2009 chevy. I was unable to access the oil filter without the socket. Previous to this purchase, I would strip the rubber trying to gain access to the oil filter."
positive,Can't beat this deal.  Just put them on so far so good
positive,The clips worked well. I wished there a few more of the smaller (narrower) size but all the clips seemed to be good quality for the price. I used them on a prius.
positive,"these work fine, you will have to use your brain when installing them.  They are rubber and make an interference fit, it HAS TO INSTALL TIGHT or it would fall out.  appeared to be a branded product, not generic china."
positive,"I use this tire on both front and rear of my 06 zx10-r.... On a regular basis I will ride the bike through all sorts of rainy and sunny days. I only bother to slow down if the water is puddling due to heavy rainfall. Steady rains that just make the roads wet are nothing. Heavy rains that cause minor flooding, I personally choose to slow down. These tires are impressive. I feel like the bike rides smoother and better with them."
positive,Fit in perfectly. Only issue is that my factory gas cap does not fit.
positive,"Great tool, works perfect,instead of cranking down on it ,tighten up good and TAP clutch with hammer ,it pops right off ."
positive,"After watching my OEM license plate screws start to rust after only a year of ownership (brand new vehicle), I decided to purchase these to fill the cheap gap that the dealerships left.<br /><br />Perfect fit for my Hyundai vehicles, and no more rust stains on my plates! Great buy, exact fit. Highly recommended."
positive,"Ordered for a 2017 Audi Q5 2.0 Premium that needed the Service Due! message cleared from the DIC. Changing the service interval in MMI will not clear this message. I put in the ANCEL, followed app directions, and on first try the message was cleared. Easy to understand and and use. Saves me the trip and the expense to Audi. Thanks!"
positive,How love how this folds up neatly and I can tuck it beside the passenger seat.  I works great!
positive,"The only thing that let me know that these are budget hand guards was the poor job de-burring some of the metal pieces. They are just as strong as tusk or acerbis hand guards that I have owned in the past. The installation was the same as any set of bark busters, a little bit of force and bending here and there is necessary. The plastic portions look good and compliment the bike nicely. I'll keep buying these over the name brand ones any day."
positive,worked perfectly for a great price.  Order a 9v battery because it does not come with one.
negative,I plugged this into my SUV trunk charger and it flickered and did not work. I would not recommend this product.
positive,This is so cute and not cheap looking. It has a little weight to it and sparkles so much when the sun hits it. I ordered the shortest one after reading some of the reviews. Some reviewers said theirs hit the dash or navigation. That’s why I chose the short one. This hangs perfectly on my review mirror. I love love love this item.
positive,"I like this charger, but was disappointed that it only comes with a set of charging clamps.  I have a smaller noco charger with x-connect accessories, but this much larger and more expensive unit is not compatible with the x-connect accessories due to having a totally different sized connector.  There is an x-connect label on the back of the box of this G26000 charger but it is not compatible.  I was disappointed in that.  I am trying to discuss this via email with NOCO."
positive,I am tickled with my license plate. It is sturdy and beautiful. I'm glad I got it!
negative,"Junk, they looked nice at first but after the first week they were rusting. Returned."
negative,"Fits well, however not enough clamps to secure in place. Went and purchased conduit clams and placed 4 more. The last line of the instruction stated not intended for open trailer transport . Junk"
positive,"Easy to use and immediately eliminated the shuddering issue.  I was hesitant to try but couldn’t ask for a better, inexpensive solution."
positive,Very Happy with my fitted LoGo HD cap. Wish more was out there. Love it
positive,worked fine...went on with no problems and I like the price much better than the cycle shop's price...next time for sure
positive,"I had to modify the hitch to work on my 2016 cub cadet xt1 Enduro series 46&#34; hydrostatic riding mower.  I cut off both rear corners (corners with the holes) and drilled two new holes.  The vertical section of the Cub Cadet hitch plate is not flat.  It has two corrugations inline with the bolt holes.  I cut the corners from the hitch to allow it to fit between the corrugations and fit flush against the vertical section of the hitch plate.  The hitch is extremely well made.  Knowing what I know now, I would still purchase this hitch for my Cub Cadet."
negative,Don't waste your money on this piece of crap - You will need a pretty powerful corded dril to use it and even then I doubt it would work well...
positive,"over the years I've watched a lot of wax Products  come and go and a lot of claims made. But this has been the best and most consistent wax product I have use for my cars and trucks.  it goes on smooth and easy, wipes off smooth and easy, lasts an entire season. Usually I double wax so don't have to relax for an entire year.<br /><br />Bottom Line: smooth on, smooth wipe off, long tough shine. Easily earns *****5***** Stars!"
negative,"Great price compared to the US version, but does not work consistently.  When it is cold in the mornings or the car has not warmed up yet, the sensor does not work.  Once the car has warmed up, it begins working properly again."
positive,Great thick-real rubber oem mats<br /><br />Perfect fit on 2023 cx-5
positive,Great Toyota quality replaced grommet while replacing my PCV Valve on my 2001 Camry have a great day everyone
negative,Like the way it looks BUT VERY POOR RECEPTION ON EVEN LOCAL STAIONS. Bought a 12.00 antana from local auto shop and works GREAT.
positive,"I like this lock better than the previous lock I had. It works very well with ""Bulldog"" type hitches, which need about 2.5 inches of shaft. This one works a bit differently than most. Rather than simply a machined groove on the shaft, this shaft is threaded. The locking portion is a nut that threads on to the shaft. This allows you to tighten it down as far as you need for a tight fit. Remove the key  and the nut spins freely so it can't be removed. A great idea!"
positive,Great item! Sun is completely blocked. It's super easy to put on or take off the car and keeps the sun off my little one.
positive,"Put these in a 2010-2015 model Honda Pilot with the Rear Entertainment Package (RES). These things are AWESOME. The RES Pilot, and I presume the Touring Pilot as well, has a design flaw: When in reverse at night, the image for the rear view camera is dimmed. There is a manual override button, so it's not insurmountable, but by default, the image is inadequate for assisting in backing up. However, with the bad boys installed, even the astronauts on the International Space Station have a good view of what is behind my vehicle. You want to see what is behind your vehicle? You want to be extremely visible to others when backing out of a parking space? Then you want these lights."
negative,"I used to love Purolator oil filters.  It is the only brand that I would use.  However, the last two have leaked around the gasket.  I won't be using anymore."
positive,Wish it had more options but great to charge a loose battery or jump
positive,"This works great on my Suzuki Boulevard C50. It was easy to install, and its been months now and no leaks. K&N is always great!"
negative,DOES NOT HONOR WARRANTY!!!!!!! I’ve now made multiple attempt to warranty my shocks bought less than a year ago and they won’t even respond
positive,"These grips are comfortable. Big, cushy comfort nd they look great. They went on my Intruder 1400 like they were meant to be there and the throttle boss does fit."
positive,"works great, but if your rims are complicated or extra dirty, you might want to consider restraining the bristles but putting a wire tie around the bristles at whatever distance gives you the amount of firmness you need"
negative,"Really a perfectly designed product for my old Acura that doesn't have a drink holder...but the faux leather wrap started coming off within one or two uses. So, it does the job well, but looks kind of ratty, pretty quickly."
positive,These blue wires look awesome when I open the hood. They are working fine so far!
negative,"The gasket fits fine around the GM transmission.<br />However, the rubber rings around the neck of the filter do not come off.<br />When I pulled out the previous fluid filter, the rings stayed in the transmission because it was stuck.<br />I tried my best to get it out but could not.<br />Because the rings do not come off the filter, I was unable to use it and had to reuse the one already in the transmission.<br />The filter looks fine and would have fit fine.<br />Just be careful if you plan on doing a fluid flush since you might not be able to get the new filter into its spot.<br /><br />Quick shipping, and quality seems good."
positive,"Bought this for my new Crosstrek, it works great, no more loud noise when I close the hatchback."
positive,Great camping addition to clean and deodorize your tank.  Works well.
positive,I really like it. It feels nice and it looks good. It has a good and comfortable grip.
negative,Useful for use on vehicles when there are long periods without use.
positive,"These are nice and bright. They seem to fit side specific and it would be nice if they came with screws. The factory ones seem easy to strip. These also don’t sit quite as flush as the OEM. We also got no computer errors!  Overall they work great, provide plenty of light and look good. Great price."
positive,"I use the red lights under the dash and under my seats.  I love the way they look, and they're,actually quite functional at night when I open the doors."
positive,"We have a little used pickup, a garden tractor and a 52"" lawn mower to protect plus three 5 gallon cans for refills when necessary.  So we need more than 4 cans this size treat all our fuel for the winter.  We sadly learned our lesson the hard way when the first spring out of storage the garden tractor would not start.  Ultimately we had to winch it onto a trailer and have the dealer correct the problem.  As they handed me the eye-popping bill when I came  to pick it up, they mentioned, ""you would not believe how much water we had to purge from your fuel system including your fuel injectors and cleaning them""!  Lesson learned!"
positive,Perfect fit for my 2013 Elantra. Came in just in time. Same day it came in it was going to start raining. Put it over my car and the next day it was perfect. The material looks and feels tough. Had it for a few weeks now and a few storms later. The cover still looks good as new. Love this car cover. Even comes with a bag to tuck it away and a lock.
positive,"Bolted right on with no problem, was able to remove rear plug for my power brakes , no problem. Car runs much better  Great deal"
positive,Ordered a set of replacement handlebar clamps for a mini bike and these works perfectly.
positive,"This is a battery tender (keeps it charged) for a Deltran Battery Tender's line of Lithium Iron Phosphate batteries.<br />These batteries are designed to replace Flooded, AGM, and Gel cell lead acid batteries in power sport applications such as ATVs, SeaDoo type watercraft, scooters, motorcycles, etc...any vehicle or watercraft that has a compatible Battery Tender battery.<br /><br />This is a family owned company. Last year (2013) they started producing high output Lithium Iron Phosphate (LifePO4) Batteries and Battery Chargers.<br /><br />To me, this is what makes me have a LOT of confidence in the product as well as the integrity of the company...California has some of the most rigid and strict laws in the country for safety and efficiency of consumer goods. We have all seen 'not shippable to CA' on certain products.<br />The following is from the Battery Tender website:<br />&#34;Starting in 2013 all non-commercial battery chargers manufactured after February and sold in California must conform to the new “Appliance Efficiency Program” in coordination with the California Energy Commission.<br />Mike Prelec Sr. CEO stated, “Battery Tender® has been supplying high-efficiency battery chargers for over 10 years to the European market with the CE certification. We have spent the better part of a year redesigning our units to meet the new stringent standards of both California and Europe. The units have also been re-qualified by Underwriters Labs and/or ETL.”<br /><br />The California regulation is designed to reduce the strain on the power grid caused by inefficient consumer electronics. Eventually the rest of the country will follow suit!&#34;"
negative,"I brought the sign a few weeks ago, after one car wash the sticker was gone. I see why it comes with 2. I don't recommend this product. It s expensive for nothing."
positive,This is the perfect steering wheel for my 91 Camaro convertible. Perfect size for me. Looks great. Love driving with this new steering wheel. The leather work is top notch. Fast shipping too.
negative,"&#34;And with the jumbo size of 27.6 x 51.2 inches, the shade will cover even the biggest windshields to not only keep out the heat, but also keep people from looking inside the car.&#34; This is not true, this shade is a full nine inches short of covering my Dodge Ram pickup left to right. Wish I had measured before ordering rather than relying on the spec sheet."
positive,"Excellent. Must have for your garage or any DIY projects to keep track of loose screws, nuts, bolts, washers, etc."
positive,I ordered two of these key fobs. They work really nice and have good distance.
positive,"Just what I was ;looking for.  Speedy shipping, and it works great!"
negative,"Bought these pads to pair w the Amazon Basic Stands but they’re ill fitting & don’t seem very secure. Nothing wrong w the quality, just didn’t seem to be a good fit."
positive,"So far, so good. Arrived in excellent condition, zero damage. ATF cooler line fittings were already installed, including quick connect springs. Fit just like the original."
positive,"I've heard lots of bad things about those chinese knockoffs not fitting right and threads not being the same, so I just went ahead and ordered the real Motorcraft thing and Bingo! no problems at all installing it, the only thing is that the gasket wasn't included, it costs approx $2.40 at AutoZone, oh well, I'm happy cause no more coolant leaks! my truck is a 1997 and it was the original part that finally gave away to corrosion, 21 years isn't so bad, I hope this one lasts as much as the original."
negative,"2/6/2023 update.  Stopped working.  It was slow and now it won't go up or down.  I contacted seller for replacement.  Purchased/delivered 11/29/2023 and the return windows closed on 1/31.  Weather was nice today too.  It had been super cold and wet so didn't really use it during the time I had it.<br /><br />My vehicle is 21 years old.  I have had to replace all but one window regulator.  This one was the second time i've had to replace for this exact window.<br />Motor goes down quick, rolling window fully open. It goes up slow, closing window completely.  it is what it is.<br />You definitely can't beat the price.  I know these replacement parts are more expensive at big box parts dealers and will also fail in a few years.  Just buying time with these.<br /><br />Very easy to install, once you see a good quality video.  The one window regulator that was still original to the vehicle died two days before I replaced this one I just purchased.  I was able to compare the parts to each other.<br /><br />Wouldn't you know it... the exact same piece was broken on both of them!  I had kept all the other window regulators from vehicle, and other similar vehicle, and was able to use some pieces to fix ONE regulator. Not the case this time.<br /><br />The part that breaks is a simple roller guide where one end of the cable pulley connects. They are all made of plastic and take a bulk of the operation stress.<br /><br />The OEM plastic was a bit thicker than the new replacement one.<br /><br />So for less that $50 for the part and your own labor, this is a great fix.  if you have to pay someone... wow, just doesn't feel right.<br /><br />I have personally replaced 10 of these on my own vehicles. Sounds like a lot, but the cars were worth the simple repair.  21 & 15 year old vehicles and this has been the most major repair on them.  Not bad.<br /><br />Thanks Amazon for finding the Old Stock at great prices! Usually at half to 75% off OEM prices."
positive,"This was a great addition to dads bragging about his Navy daughter. If we had another vehicle, we would for sure buy another! Great product."
negative,It doesn't replace the air hose at the gas station but it works fine for filling up a tire if you have a little time.
positive,This product works well and is way cheaper than buying from the dealership. It was easy to install and looks nice on my car.
negative,"Well, I just got this in mail and I can tell it's CHEAP. Poor quality and I have no idea how it will stand up to any wind as it's thinner than others I've owned. I will say that its huge and should fit the SUV I own 4Runner, however I am very concerned about ripping and tearing just trying to remove from a partially frozen window. I've got thicker material on my grill cover as this thing is less than half that weight."
positive,Fixed the horrible start up/shut down vibration on my 04 Chevy trailblazer with the 4.2l and still working great after 3000 miles. Purchase a passenger side motor mount heat shield before starting this project because they are very hard to find.
positive,"I bought this to replace the outdoor shower head on my Class B motorhome, which lacked pressure. This is only slightly better in that regard, but it is much more convenient to use, and because it’s smaller, it’s easier to store. The thumb lever is easy to use, and it locks and unlocks intuitively."
positive,"After trying this in my wife rav4 I'm switching everything to this oil. I use Mobil 1 advanced  synthetic in everything now except my wife's car. My truck, tractor, lawnmower, weedeaters 4cycle is going to Pennzoil.  Pouring it in to the car you see that it's a very light golden color compare to Mobil 1, Mobil 1 has been good to my vehicles but Pennzoil is better from the tests I've seen and it's cheaper than Mobil 1, try it you'll make the change to !"
positive,Perfect for the garage! We used these in the garage and they work great! Wish they came a little longer as we sometimes vary our parking stance in the garage.  Buy two per door you need.
negative,fluid looks good but the seals on the 4 jugs i bought were so old they broke down and were failing when i took the lid off. i clearly got old stock but the product still served its purpose well
negative,"For about a quarter of the price of the manufacturer's offering, perhaps I shouldn't complain, but I will anyway... the fabric tore before I even used it the first time, and the little clips obviously need to be turned 90 degrees so they will stay on the headrest posts. Additionally, I don't know if the manufacturer's item would be better in this regard, but I can simply look through the side windows and see everything underneath the cover. Why call it a cargo cover if it doesn't cover the cargo?"
positive,"We've used this about three times now, and it seems to be doing well.  Super easy to clean, and really helps keep the area under our awning looking tidy.  There is one spot that seems to be coming apart, but it is very small and probably where one of the kids was pulling at it.  Love how easy this is to roll out and roll back up, and how quick it is to sweep off."
positive,Love these covers. had to buy a pair for the wife's car too!!
positive,I love the suction power on this small car vacuum. It fits under my seat. It also comes with some extra accessories to get into tighter spots.<br />Very happy with it.
positive,"LOVE IT.  Need to find out what other Navy key tags they make (ship names, etc.) ?"
positive,Put these in my 2007 MDX and even though they look nice and work well the slide around pretty easy there's nothing on the bottom to keep them in place.
positive,"I bought this for a recent wheeling trip. I wanted to make sure I had some protection for my tire for any drop offs. First off, I like Body Armor 4x4, because they are US made. This was another great win. Solid made. I only wish it was a bit longer, but believe I'd still give me enough slide to keep from damaging my tire/tire carrier."
positive,"Kiddo is going as a Bioshock Little Sister for Halloween this year, so we naturally needed this for the Adam injector. We're very excited to have come across this item."
positive,"They recommended I go with the C3 size for my car.  My car is 190&#34; long, 73&#34; wide (without mirrors) and 55&#34; high.  A 2006 Pontiac GTO.  This cover fits exactly how I hoped.  It is snug and doesn't touch the ground.  It barely covers the front and rear bumpers, in fact my rear lower valence might have 1&#34; exposed.  But my last cover hung to the ground and I felt that picked up dust/dirt, even used inside the garage, so I wanted it just-right or slightly small.<br /><br />The elastic is also very strong,  much better than my last cover (was a Budge brand).  The material feels a little thicker/stronger and the grommets are nicer too.  Storage bag is nice.<br /><br />Overall I'm very happy and we'll see how long it holds up.  The Budge lasted for years of indoor use before it started ripping."
negative,"Coupled nicely to my grease gun hose, coupled nicely on to the Zerk fittings.  Problem is that the grease went everywhere except into the Zerk fittings.  I even tried it on Zerks that did not require a 90 degree coupler, still grease everywhere but in the Zerk fitting.  I had high hopes but I'll just have to look elsewhere."
negative,"Absolutely never again. We needed this for a 21 hour trip, 8 hours from our destination we ran into some rain. Every last damn thing for my family of 6 is soaked. Stuff is ruined! It is just raining, not flooding. I will be asking for a refund."
positive,Love it. Direct replacement. Did it because I had to change the water pump. Change the thermostat while you're in there!
positive,Not as loud as I expected. I'm not sure that a typical car driver several feet away with the windows up will hear this. Kind of pricey for the volume level. Easy to mount and easy to use.
positive,"Stamped made in USA. Hopefully this is a quality product and not the over seas made steering stabilizer sold under 50 different brands by slapping a sticker on it.  Paint is horrid... Not full coverage, Orange peel textures and they painted right over the bushing,. No pride in the product.  No quality control. Waiting for the mounting kit to arrive as apparently it fits best if not mounted using the oem hardware. For 09 2500hd Duramax"
negative,"****Update: This last set I bought didn't even make it a year.  I don't know what happened to the quality recently, but it's easy to see why Glowteck isn't selling bulbs anymore.  It's shame really because it used to be a quality product as my original review below explains.<br /><br /> This is my third set of these bulbs and I've been very pleased with their performance in every installation.<br /><br />In my 1994 Ford E-150 van and 1993 Ford F-250 installation was fairly easy but required minor trimming of the trim ring that holds the bulb in the housing.  Once installed they performed flawlessly.<br /><br />The most recent installation is in my 2000 Lincoln Town Car.  No trimming of the retaining ring was required, and the bulbs performed flawlessly as usual.<br /><br />A word about the beam pattern; these LED bulbs do not illuminate in the same way as conventional or HID bulbs.  The visible beam pattern is irregular and diffuse.  You will not be able to focus the beam in the same way as regular bulbs.  Low beam might appear to illuminate only a short distance in front of the car and high beams might seem like they're all over the place.<br /><br />Stop looking at the visible beam.  It is not a good indicator of how well the bulbs are performing. Instead look at everything else that's illuminated.  You'll be surprised at how much of the road in front of you is illuminated well beyond the visible beam.  Very well illuminated.<br /><br />Give them a week of driving and I'm sure you'll be satisfied."
positive,Great for applying coatings their intended purpose and the plastic liner is the reason why.  Top quality.  Recommended.
positive,"I have a number of vehicles that get little regular use, from farm equipment to collector cars. I have been looking for a charger like this for a long time. The charger mounted very neatly near the battery on one antique car and looks like it could have been factory installed. Easy to connect without having to move separate battery chargers on and off the shelf. I have had it about a month and if it continues to perform well, I plan on buying several more."
positive,"Fit exactly around the bar with no issues.  I did have to place a small washer on bolt to take up some slack, but overall very pleased"
positive,"Hard to say how good it works since the boots are suppose to be water proof anyway. I used this on my work boots, it darkens your boots (it does tell you it may darken your boots). Seems to help though. I did use the oven trick as people talk about and it worked good. You will get a couple pairs of boots out of each jar (probably 4). I would probably buy again."
positive,Works as advertised.  Made of a durable plastic with a nice coating.
positive,My hand size is right on the cusp of Large and X-Large.  I ordered a large to try to keep the size down since I plan on using these under gloves for snowboarding.  Probably should have gotten XL but I'm keeping the larges.  Fit and quality is nice.
positive,this spacer is simple and straight forward. i needed it to give a little room for my brake calipers not to rub on the wheel. success! ill report back when i know if the spacer helps with the rubbing in the front at all.
negative,Really useless. The pump comes on and starts to pump the liquid. It gets into the tube but cannot pump it to the end unless the tube exit is lower than the top of the pump. I have no idea how this good get any positive rating.
positive,"They cling very well & do not fall off. Don't seem to be dark enough for my baby who hates the sun in her face. I have seen other options in  stores & they have about the same tint though, so I don't feel like it's any worse off than the competition. The shades are small, but still 'do enough'."
negative,"[[VIDEOID:e63ff79da0a5809dc811cec694a7adb8]] Adhesive is not good and hold down the strips at simple bends curves (you will need to add on 3m Adhesive.<br /><br />The biggest issue is this:<br /><br />If anyone has a ford fusion, you know the amount of time it takes and whats involved just getting the headlights out to get to the wiring. Hours! I had to take off the front nose of the car (the whole bumper) just to slide the lights out to access the wiring. So I did that and one strip worked. And the other strip, the orange blinker strip is faulty. There is a middle section that didn't work. The daytime white lights work - just not the orange as you see in the video. I'm NOT happy after spending hrs doing this and I had to leave them on because I work and need to drive my car, so I had to put the car back together. Now, I have to spend hours again to replace these. It may not seem like a big deal to them, but it is to us when alot of us have to take so much time installing. So how brittle are these wires inside the strips? If you bend or twist them just a little, the lights fail? It's not about the money,  it's about quality and you want something that is durable. I had to take video of this to prove what I'm saying."
negative,It rusted pretty quickly but I guess that's expected. Otherwise did what it was suppose to.
positive,This is the best product I found at the great price.
positive,"I am now a believer in Flitz.  I am using it on small glass jewelry pieces, but the applications are limitless.  I highly recommend this product for anyone crafting jewelry or doing any work with polymer clay or resin.  This stuff is great.  The tube I purchased will likely last me at least 5  years, as a little bit goes a long way."
positive,Easy too apply but some are peeling. It was good for the first month or so. I cleaned the areas before putting the stickers on for maximum adhesion but I guess I spend more time in my truck than I thought. Lol It's a good quick fix and they give you plenty so you can reapply if needed.
negative,"The instructions aren’t clear on how to use this item. Looks nothing like the picture. Don’t waste your money,"
negative,These headlights have no aiming ability. Waste of money. Don't be like me; do a little more research before you order.
positive,Charger was easy to install and mount. It recharges the car so much more rapidly than the trickle charger that comes with our Nissan Leaf. It just makes having an electric car so much more joy and much less compromise.
positive,"Fits the automatic transmission on a 95 Geo Tracker 4x4 (hard top). Changing transmission fluid required removing the front drive shaft, but the filter and gasket were perfect match for OE."
positive,"Comes with a Honda emblem to make it look genuine from afar, so that's a plus. However it is not of the best quality and required some precision trimming to be able to seat the blade in perfectly. It is vastly better than purchasing a new key for $125, when only the top plastic is what is broken.<br /><br />How long will it last only time can tell."
positive,Needed something to cover up these heavily stained seats on the car I just got. I normally would've waited and got a set of covers from costco on sale but really didnt want one of those wetsuit style covers as they get really hot on long commutes. So I opted for these cause the quilt style pattern. They fit good so far but as others said they have a super thin see thru sides where they wrap around. So over time they'll stretch out easily and in the drier hot regions they'll fall apart fast but they ain't no custom $400 covers so i'm happy
negative,The mats arrived and the yellow  Batman symbol was faded.  Not really happy 😕
positive,I ordered 265 65 R18 for my 2016 Silverado to replace factory Goodyears that  lasted 78k miles.  I also got the suggested pressure sensors.  My local Chevy dealer I stalled for $104.  All in I'm at $760 on tire replacement and they look great and ride wonderful.  We went out in the mountains dirt road riding and they did wonderful!
positive,"never know when your gunna need em, glad to have em, hope I never need to use em....good quality"
positive,Very happy with purchase and performance. I've had them installed for over a week now and no issues.
positive,Saw these recommended on YouTube.  Very easy to use and will definitely get more.  Makes tire/rubber dressings easy to apply with no mess.
positive,"I bought this for my nephew who was having a space themed birthday party when he turned 3 this year.  He wore the suit at his party for a little while and everyone loved it.  It make him feel extra special at his birthday party.  His 5 year old brother put the suit on as well, and he fit in it for the most part, but it was a little too short.  I also got him the inflatable space shuttle (that can even go in the pool) and he and the kids who attended the party took turns sitting on it and taking commemorative photos from the party.  The suit and the space shuttle were a big hit!"
positive,This makes cleaning the windows in my car way easier than it ever has been. It's easy to use and reaches into the corners. Does a good job with no streaking. Finally my windows are clean!
positive,With camper and camping equipment. Way better rebound in the rear.  Good ride.
positive,"Arrived on time, easily peels from backing and easy to apply - looks exactly like the picture."
positive,"I use this everywhere. Really. Rugs, cars, pretreat oil stains in my husbands work clothes, you name it I've probably tried it. While it's not a miracle worker, it did help me get super grease out of my flocked fabric seats in the car. My husband borrowed my car and had to replace a hydraulic cylinder on a peice of equipment. He had super grease all over him and tracked it into my light tan interior :-/ Oops. I used everything under the sun to get it out including having it professionally detailed, I wasn't happy with the results. It was clearly still there. While this stuff isn't magic, after applying it, you wouldn't notice the stain unless I pointed it out. I am happy."
positive,"Had to remove the metal clips from the original cover, but at least the instructions were clear about it. Relocating the compass without unplugging it was a little difficult. If you unplug the compass, you have to calibrate it. Two Phillips screws hold it on the bottom side. Took about 15 minutes to install."
positive,"I bought the TEKTON 5941 Digital Tire Gauge after I misplaced my beloved old Brookstone dial pressure gauge. This is a real step up.<br /><br />Using this little critter is a joy. The brightly-illuminated dial and nozzle are clearly visible at day, night or in a dim garage. I only lose a whisper of air when pressing it onto a tire valve stem. The readout remains on the screen for 30 seconds; my old dial gauge lost the reading the instant it slipped from the valve stem.<br /><br />Other positives: they delivered it in two days with Amazon Prime. The price is more than reasonable. This gauge has a mufti-function readout some will appreciate (PSI, BAR, KPA, Kg/cm squared). And the jazzy red plastic casing makes it easy to find in a cluttered glove box.<br /><br />Negatives? Just some minor quibbles. You have to unscrew the case to access the batteries, though reviewers say it has a very long battery life. I would like a setting lock so it only displayed PSI. I wouldn't mind a heavier plastic or metal construction, though this looks pretty rugged.<br /><br />At the price, the TEKTON 5941 Digital Tire Gauge is a solid five stars."
negative,Gets in tight areas just feels awkward until you use it a few time. Does not seem like it would be good for lots of cleaning but for cars it works fine
positive,"These are great wiper blades, and to make them even better they come with refill blades so it's like 2 for 1. ---- I plan to buy more and just keep them on the shelf for all my vehicles."
positive,"Quality cargo carrier for a reasonable price. If your looking for a cargo carrier that's long enough and sturdy then this is it. Easy to assemble and mount,  About a 30 min installation. Delivered and shipped right on time. Satisfied with the product and service and would recommend to anyone looking for a cargo carrier."
positive,So nice for wiping off the car and so many other uses.  Love these!!! A+A+A+
positive,"The eight pieces Cylinder Car Tissues  are readily available by design, not cost effective & are by no means the softest. Convenience rules."
positive,Fit perfectly on our Town & Country minivan 2014.  Very easy to install.
positive,After reading the instructions and playing a bit . No problems installing an using . Works very well .
positive,"Happy I ordered these! Work great, good price. What more can you ask for!"
positive,"This went in so easily I figured I must be doing it wrong, but to my surprise you really do only need to hook up a couple wires."
positive,"These gloves are not bad at all, Saved my hands in a fall! Would recommend"
positive,I love my license plate cover. Looks amazing on my car
positive,Great product. Definitely worth the cost. Especially because its half the price of the big box sellers.
positive,Didnt work for my 2008 tundra but the tool looks like great quality
positive,"Ordered these for my 96 Bronco full size. They came - sorta slow - and when I opened the first undamaged box I found a mounting tab broken off. I was pretty peeved to say the least and emailed the maker because the return instructions were unclear. They emailed back promptly and said to send photos of the box, damaged light, etc. They again responded promptly and shipped me out a whole new set. They appear to be of good quality and all the components (hardware, threading rods, etc.) matched up perfectly with the original Ford pieces, which made installation WAY EASIER AND FASTER as I was able to just keep the Ford stuff in place at certain places. They look great and do not get water in them like the old ones. They make the whole truck look five years newer because on mine they were yellowed, leaking, and the primary eye sore. I am now extremely pleased with both the product and the maker. They could have made me ship the old ones back, wait, then wait longer to get the new ones, but they just took care of it. These are a heck of a deal and I'm happy with the company!"
positive,I wanted some black badges to match the black Callaway lettering on my SC757 and these worked out perfect.  They are well made and the details of the flag are all retained.  Much better than using an overlay.
positive,"Sweet little air compressor. I carry in my back pack on long bike rides. Just in case, but the kids have used it to blow up floaties and basketballs. Definitely glad to have this little gadget for everyday needs. Souvh simpler than relying on a big ole one that I need help with."
positive,"[[VIDEOID:b16ba4421f76f2924d8b3794c48da602]] Just moved to TX and had to install a plate on the front of my Prius. Everything is included besides the drill and bits. That being said, I had no idea what I was doing and the instructions were confusing. I had a lot of anxiety about installing this and drilling into my bumper. I watched some online videos, already had a drill and bits at home, And found the largest one 3/8” made the correct size hole. From there it was simple - popping the white holders into holes, mounting the mount, then screwing the plate and face on. I used the wrong screws so I damaged my bumper, but it’s already beat up so idc. The instructions don’t clarify which screws go where. It feels sturdy and looks cool. I had to dock a star because of the poor instructions but seems like a good product."
positive,"no issues, i live in the desert, so the sun eats blades."
positive,"Fits perfect on my girlfriend's 2008 Toyota Yaris hatchback. Went on very quickly. I watched a YouTube video first to see about the installation and it popped right on, no trouble at all."
positive,"I love these because they have that paw print on them,very easy to use . The price is right an it didn’t take long to be delivered."
positive,"I love the size of the organizer it can be turned either way in your vehicle, I also love all the pockets on the outside for smaller items. The inside is really roomy and you can make a couple of different pockets, I have jumper cables, emergency blanket, LED Flares, first aid kit etc, and still have room. Also if I take the SUV on a trip instead of the car I can easily pick it up by the sturdy handles and put it in the SUV. Totally Organized now."
positive,"This stuff has made all the difference in our cars. I am not a professional detailer, but am OCD about things being clean and looking nice/new. This brought life back to the plastics in our cars and repels dust for WEEKS. Best part, you dont need a lot of product. A little goes a long way. I will repurchase whenever I might run out."
negative,"First up, these lights are very bright and installed easily. They look small, but have great output. That's the good. The bad is that I thought I ordered the ""soft white"" color (they call it warm white in then specs) and it looks like I got the ""super white"" shipped to me (hard to be sure, package has no indication of the model on it).<br /><br />Now, this could have been my error, but the light - while bright - is too harsh for inside my trailer. So, be careful what you order and what you get."
negative,"Don't think these will last more than a day. Not very sticky at all.  It shows them as car stickers, so I assumed that they were made for that.  I don't think they are.  They will all fall off as soon as dust hits them, or it rains. Or maybe even the wind from driving?  I would not buy these again or recommend them to anyone...ever<br /><br />Oh and you have to cut them all out yourself, because that is a lot of fun :P"
positive,"A couple of holes weren't aligned right, so I solved the problem with a drill. Love the security deck!"
negative,This thing needs a youtube video on installation. The instructions are horrible. Returned without any problem and would re-purchase if there were some decent online instructions.
positive,It's a sponge. Nice quality. Soft. Does what is supposed to do.
positive,Very good quality.  Purchased as a Christmas present for my grandson who just purchases his first car.  Praying he never needs them but he'll have them just in case.
positive,"Mounting on a 2016 Ford Escape: Like the quality and finish, Ford factory rack is set at only 2 cross bar positions which required me to take to my local welder to add 1.5&#34; extension [in the middle] so that the locking blocks center perfectly on the crossbars. I also had him weld the two pieces into on since I have the room to store it as a full size basket. I am debating on having a linex or rhino finish applied for ultimate longevity since I will be using this thing a lot [just bought the car and not getting rid of it anytime soon]. Not the fault of the rack but wish the OEM rack's cross bars were movable like all the other vehicles I have ever owned. I loose-laid the rack on the vehicle and it looks good...not too small and not crazy big, it will make outings easy to be able to put chairs, coolers, etc. up there. We own a full size Dodge Ram too but many times parking it on outings stinks as well as it getting half the gas mileage as the Escape.<br />It was a considerable amount of money more than MANY options out there, Rack Attack is reputable and had a great price through Amazon. Item came new, prefect in the factory box as promised. It is easy to assemble and as I said before super quality that most of the lesser brands just cant match.<br />I tossed the plastic oem fairing and had metal added, also added three chain links as lashing points at frt and rear, lastly had it Rhino coated for durability once all my welding mods were done. At this point it does not look like a Yakima basket...see pix. It should outlast the car though...☺"
positive,"Super nice kit!! As soon as I install them, I'll update."
positive,"Great car sticker - it has survived a long, cold winter here in the UP on my husband's Nissan Frontier."
positive,2016 Toyota Camry LE. Brown grid covers- The front covers work well. The back head rest covers don’t really fit well as the car has non removable head rest and you can really secure the head rest covers. The material quality is good.<br />Move the above to my 2019 tacoma double cab as it matches my interior cover and bought black grid for my Camry.
positive,This replacement skylight came with the mounting holes predrilled which made installation very simple. No cracks around the holes after installation unlike the original.
positive,easy to put on the visor. easy to put your glasses in and easy to take it off as well. its sturdy and seems like it will last long.... used it for about a month so far and its going strong.. i just wish it was slimmer but compared to others i think its the best for the buck
positive,"Works perfectly on my 2017 Silverado LTZ.  I put the DIC in Relearn Mode, place the top of the antenna against the sidewall of the tire, about 2&#34; from the rim and centered over the valve stem, then move from tire to tire as the horn beeps.  Total time for a relearn?  Less than 30 seconds!"
positive,Fits a 2015 Chevy Impala.  Looks and feels sturdy compared to the original.  Only question was there were two clamps included but three were needed.  Had to order a specific size clamp.
positive,This is identical to the one that came with the trailer. Only needed the cap part but now i have extra when it needs to be replaced. Exactly as described and went on perfectly when putting it on.
positive,"This works great.<br />Very easy to install, it took 32 minutes.<br />And another 10minutes to button everything up and  clean up.<br />The distance to start is good for me easy 40 yards and that’s plenty for me."
negative,"The only reason I'm giving it three stars is because I didn't get the front cover that is supposed to come with it. I got one for my husband also and his came complete. No link to be able to contact seller, so be aware if you get one like mine. I like mine, it's soft, easy to use, and fits in my pocket, but without the top, in your pocket, you can easily push a button."
positive,Looks great. Works great. It makes my 35 year old tractor look cool.
negative,"Did not fit 1994 Corolla 1.6L manual, center shaft is too wide to fit between bracket, missing rubber sound deadening ears, and top bracket welded poorly and was bent to one side. Very cheaply made"
negative,"This cover didn't fit my mid-size 4-door sedan, only extending to the tops of the bumpers.  The description said ""for cars up to 200"" and my car is less than 200.  I don't know if they sent the wrong size or not (size Large was marked on the box).  I didn't want to take the chance by exchanging it and getting the wrong size again, so I returned it.  The quality was not impressive either.  I was afraid it would rip by pulling it tighter."
positive,I have had a couple of these Clocks for years  and they are still running . I found that you shouldn't put it on a wall that's next to a door the opening and closing of the door moves the clock. I also use good batteries Duracell kind not cheap ones.
positive,"I put this kit in a customer's truck and it fit perfectly into the truck and the color was a perfect match.  Seriously, this kit looked better than the OEM bezel.  I was impressed, but my customer was ecstatic.  Definitely worth it."
positive,"it umm locks threads, I wish they would put the temps and such on the bottle so i can throw away the packages"
positive,Use this for my weekly car washes. Covers large surface areas. Just slightly heavy when it's wet and saturated with the soap
positive,This product makes washing and drying the car a breeze.  I must say however you really do not need to utilized the PUR filter system to get the same results.
positive,Suspa has been making gas struts for a long time and the price was right for the pair I bought
negative,Quality is as good as what came on the 85 Blazer when new - which is questionable at best.  Recommends replacing every 20-25k miles?  Can't vouch for longevity but the threads are weak.  Immediately crossthreaded with very little pressure and I had to chase the threads to make it functional.<br /><br />Appears to be the exact same product as Autozone/Oreilly/Advance with different stickers.  Probably as good as you can get without buying premium braided stainless stuff.
positive,"This light is exactly what I was looking for. It is completely waterproof and it's a bright light. Several of the flash patterns are virtually useless in my opinion, but there a few good patterns that get attention. My light has been through a few good storms and I've never had problem. This is the best magnetic light one will find without spending a lot more money. Finally, it has a guarantee! I wouldn't hesitate to buy it again."
positive,[[VIDEOID:398a5cadf2eacd9ba6fc28c74ac2acc5]] It was easy to install with a standard toolkit looks great and it locks. Bought this after someone tried to sabotage my truck. It's cheap insurance !
positive,Fits perfectly in my small tool kit on my Motorcycle.  Have not used it and hopefully never will.
positive,"Cleaned wax build up off pretty good, I will buy more."
positive,"This's the rainy season so, it's on all my window sills"
positive,"I didn't have an emergency kit in my car and it was one of those things I would think, &#34;Okay, sometime I'll put one together.&#34;  Sound familiar?  Never happened.  So I got this kit as an antidote for my procrastination and it has turned out to be quite suitable.<br /><br />The included components, while not of industrial quality, would still be adequate in an emergency:  LED Flashlight, plastic poncho for the inevitable rain, a &#34;HELP&#34; sign that can be put in a window, a can of tire sealant with a electric tire pump (with a built-in LED to see what you are doing on the tire when you are stuck on the side of a road, at night, in a rainstorm, and feel miserable), a set of jumper cables, gloves, screwdriver, zip ties, a bungee cord, a thin blanket you can kneel on at roadside, and finally, a basic first aid kit.<br /><br />Each of these items can be very useful in an emergency situation.  And of great importance, the kit comes in a sturdy carrying bag, so these items are in your car, convenient and available when needed.<br /><br />I have added two other items though:  First, 2 roadside flares.  Having flares can be a lifesaver.  2nd, I've added some additional basic first aid items.  They don't take up much room and don't have expiration dates.<br /><br />It's one of those things you hope you never need to use, but are so glad to have - in one convenient bag, as a &#34;just in case.&#34;"
positive,One of my friends spent $240 on mats for his truck lol I did not
positive,Looked cheap on the listing. It isn't. You do need a 9 volt battery for it to work so plan ahead. Fixed my issue so far. Remember to make sure you walk fast around the vehicle to make each sensor chirp. Aim the antenna at the stem of each tire. Do it right. Took me two tries because I was lit.
positive,"I needed to rebuild the harness for the factory fog lights on my 2007 Jeep Compass, and these worked perfectly."
positive,"Most RV screen doors are a little clumsy to open - this makes it much easier. Installation was a little more tricky than a similar product I bought a few years ago for an older camper because you need to do a little fitting and drilling of the handle itself, but I view that as a good thing because it means you can get a perfect fit. Seems like a very well made product to me."
positive,These keep things like your keys etc from falling between the seat and console .  Try them you will like them
negative,I really wanted this to work but no matter what I couldn't get it to stop rolling to be able to stick🙄
negative,"Does not work with my 2001 Xterra. The stream is aim directly at the ground about 2 feet from the rear bumper.<br />I assume this is meant for second generation Xterras, not first generation."
positive,"It’s great ni issues works & plugs 🔌 as it should, no issues."
positive,I had to do a major head/valve job on my 2004 Acura TL (J32A3) and needed this to ensure proper seating of the valves.  It sticks very well onto the valve & valve seat.  This item is a must when you do a valve job.
positive,"Perfect fit.  After trying for<br />Several hours to clean and repair my old carb unsuccessfully, after 20 bucks, waiting 24 hours for delivery, slipped on this part, 1 pull and it started.  Thank you, lifesaver!"
positive,Overall a good product. But the side flaps do not zip. This makes it hang rather awkward and doesn't really keep the dogs contained. So good for once in awhile but I'll order a different one for regular use.
negative,Not bad for the price but is a little to big cause the the back driver side control not to function
positive,"Good quality product.  Takes a little bit of effort to get the plate in on the last corner, but not bad.  One of our cars had a rear license plate that would rattle on the mount.  This took care of that and looks nice, too."
positive,"Tri-fold top fits perfect, super easy to install, no tools, no leaks in car wash, highly recommend!"
positive,Very easy to install and once it's tightened<br />on there it stays tight
positive,"I purchased these direct from the OEM as that was the only way I was able to get both the passenger and driver's side boxes keyed alike and installed them on a 2004 Dodge 3500 pickup. They're very easy to install if you're even slightly mechanically inclined, and have excellent utility as long as you don't overload them with too much heavy stuff, but I was led to believe they didn't extend past the wheel wells and that's inaccurate. That isn't normally a problem, but when I use my camper I have to pull them off the brackets and store them. If they did fit properly they'd obviously be inaccessible while the camper is in the truck bed, but since I drop off the camper at a campground and drive around with just the truck during most trips I'm losing a fair amount of utility from my purchase. The locks aren't really going to stop a determined thief, but they're enough to make snooping a little tougher and will add a few seconds if someone tries to steal anything (I am storing tiedown straps, diesel fuel stabilizer, a first aid kit, window wiper fluid, and miscellaneous small items inside that are easily replaceable but not cheap). Nevertheless, they're fully compatible with a tonneau cover, help eliminate clutter in the cabin, and overall are well worth keeping."
positive,"This works great, is easy to use and has more than paid for itself.  Highly recommend.  No more paying out all that money to dealerships to put vehicles on ""the machine""..... We have saved hundreds of dollars already using this device not to mention how much time, energy and gas."
positive,"I'll update later, but for now right after arrival:<br />It looks good.<br />It runs big, I usually wear XL and this L is a bit big on me. I am 5-10 and 190 pounds with a 43"" chest and I probably could have worn a M over a shirt. This will work over a sweater, it is for winter. If you don't plan to wear this in the winter, you might order a size under."
positive,"I purchased these to fill in the annoying gap between my front seats and center console so I would stop losing important tiny things in the void between my seats. They fit perfectly and are helped by the foam wedges that ship with them. I am able to fill in the dead space and turn it into a place for phones, MP3 players, and other small things that I want to have at hand while driving. The black leatherette looks really sharp with the red stitching and perfectly fits with my VW Beetle's black and red interior. I feel like these were a great value for the price."
positive,"I enjoy doing easy fixes like this to my vehicle because having a mechanic do it would cost about an hours worth of labor and they'd charge 3-4x the price I'm getting it for here.  So you can spend $26 and install it yourself (which is very easy), or spend around $150 to have a mechanic do it."
positive,Good solid well proven oil . Use it or Mobil 1.
negative,These are fine and they work well enough.  The wire frame gets bent and twisted easily though and after a few times of easily folding them up they are now a pain in the butt challenge every time. But they do the trick and work well for guarding against the sun. We have a Toyota Sienna and they overlap a bit so the whole front window is covered.
positive,There’s nothing better to add to the fuel you use for your lawn equipment. Counteracts the ethanol so your equipment runs smooth and without destroying the fuel lines or your carburetor. Just 1oz treats up to 5 gallons.
positive,"I've never been able to find a rear blade for my car that was truly streakless, but this has been the closest. Maybe it's my rear windshield that's the problem, but I've been most impressed by this one, even more than more expensive brands"
positive,Used for my 2002 Toyota Corolla. Covers my blind spots very well. Only problem is that I can't put down my window sun blockers or else they'd push the mirror.
positive,You get what you pay for. Probably the last set of plug wires you'll ever need to buy. Very high quality. Very impressed. I don't regret spending the extra $$$.
positive,My dad actually smiled when he got this as  a gift.  Usually he growls.  He immediately attached it to his license plate.
positive,Perfect replacement. Dealer told us to do these ourselves because it's cheaper and easy to do. These fit great and were easy to install.
positive,Works  great on car even in thuderstorms haven't  flew off or roped love the 5 tie down system  ordered  another 1.
positive,"It’s definitely a snug fit not loose at all ,<br />Took a minute to get it in but after that it’s great 👍🏼 to protect my wheel from sun damage or lotion or peeling!"
positive,Amazing. Both my gas tops were broken. Love the flexible spout.
negative,This pump is very slow (pumps small amount per shot).  The hoses kept coming off and I had to purchase a hose clamp to finish my transfer.  This product is not for anyone who does not have a lot of time.<br /><br />It does pump tranny grease just fine but with a great deal of effort.  My machine took three quarts and it took me more than a half hour to pump that much.
positive,"AMAZING!!!!! Easy to put on, easy to take off. Water beads life nothing I've ever used!"
positive,"Bought this to replace the original support for the rear door of a 2002 CRV.<br />This is for the door not for the glass on the rear door for those interested.<br /><br />The old part simply would not push the door open and I would be fighting it to open the door at a reasonable speed, one day I got impatient and I pulled a little harder and I blew the seals. So it was about time for a new one.<br /><br />It installs very easy. Just 3 - 10mm bolts. Took all of 10 minutes to remove the old and install the new.<br />Keep in mind once you disconnect the old one the door can now swing freely so if you are not parked on level ground or have something to hold the door in place it can swing past the point that it normally stops and can cause damage to the door.<br /><br />The support holds the door at partly open from about 10%-80%. Outside of that the door either opens fully or closes(may or may not latch depending on position and your latch condition)<br />There is little effort needed to open in and it opens at a good speed."
negative,"As others have noted, it has a very undesirable blue tint."
positive,These are so great!! And they're my favorite color! My boyfriend put them on for me and it did take him a little bit but he did just for me and they look amazing!
positive,Excellent quality.  Used for 1993 Chevy P30 chassis RV.  Fit and works with OE cap. Re-drilled mounting holes and capped lower hose barb.<br /><br />Easy fix for cracked tank that isn’t available.
negative,the sensor is not as pictured it is black not green as the picture shows. the ohm reading it showed when tested is infinite. that's what a bad one tests. so is it any good? I don't think so. The reading should be a range depeding on temp out side / or engine. around 20 - 50 ohms. I can't recommend buys.
positive,I really like this helmet and all its features and very functional. Have had people want to look at it. Very high visibility which is great driving on Hwy 49 N.W. Arkansas.  Fits very good.
positive,"For years, I had my car papers sitting in whatever the dealer gave me (maybe an envelople) and whenever the unfortunate situation of getting pulled over had happened, I was always a panicked mess trying to find everything.<br /><br />I moved everything over into this great organizer and now I feel like my glovebox chaos is solved. Highly recommend to any car owner as it is nice to actually have a good setup for a change."
positive,"Great product, I used Frost Guard before, & wore out my old cover (lasted 5 years). It’s heavy enough so it won’t blow away, easy to secure to car windshield."
positive,Be protected against surges and spikes with this easy to use 50 Amp in-line device.  I use it for my travel trailer.
negative,workmanship on this thing looks terrible  you call it ac delco but looks like china crap to me  i hope this works and i wont know for a while because i am waiting for more parts
positive,Great addition to my drybox/cooler. Wonderful conversational starter and great way to show your personality.  Easy to adhere to a clean surface.
positive,I actually got this for my luggage. It is made to apply on glass or smooth surface..<br />I had to really take my time and rub this sticker into the molded irregular surface as it comes off the film. Took 15 minutes. It has held up to 5 baggage service/airports and it is holding up well.  Like the look and differentiates  it on the baggage carousel
positive,"Wasn't too sure at first. Bought it to ride mountainbiking when I want to look cute. Turned out OK. If you sweat a lot and get a smell, make a spray bottle of water and a few drops of tea tree oil and spray it on the armpits before washing. This works with yoga pants, too."
positive,I picked up this one for my son whose car is not staring reliably. I have a similar model that has served well and this one was close in design. It has started his car multiple times and he has gotten it down to about a 3 min process. Fantastic product for the price. All car owners should have something like this in your vehicle.
negative,"This is a nice item and is easy to hide on your motorcycle. It is very loud if you are on top of it or in a quiet parking lot. But I'm afraid that only the person taking the parts off your motorcycle will hear it if there is a highway near by.<br />**Unless you put it under something, when they hear the first small warning sound. They will smash it and it will never alarm.<br />Otherwise it is just something to make you feel cool as you walk away from it as it beeps."
positive,I laughed when I took this out of the box.  I did not realize it was for a car.  I needed this size for the kitchen.<br />My husband said HE could use the cute little funnel for lots of uses for many gadgets that need oil
positive,"Great fit, same quality as OEM and for a fraction of the cost.  Instead of buying a golf cart tune up<br />Kit I was able to source all the parts for the kit for a 1/4 of the price."
positive,These fit my old 2004 Saturn Ion RIP from hail storm.
positive,Very easy to install.  You will feel good and you will have clean air inside your car!
positive,"Looks great, wind shield still got cracked though but who knows how many rocks it deflected. I would but it again"
negative,the cover is okay...the reason I gave it 2 stars was because the real strong smell of rubber that it omits is really strong and that rubber smell is left on your hands after driving.
positive,"Great stuff!  Keeps the fuel system spotless and small engines running great.  Techron is one of the only additives out there endorsed by car and power equipment makers.  Shell and Chevron include it in many blends, so if you use those brands, read the pump before spending for more."
negative,The wheel cover fits perfectly.  However the seat cover fits small on the toyota rave 4.  The material is flimsy and thin.  I have no idea how long the cover will last or the printing will last over time.  I would recommend paying a little extra on a cover that has a stronger and thicker material.
positive,"Perfect fit for 2005 GMC Sierra 2500HD 6.0 with 71K miles on it. Not sure how long a coil is suppose to last but decided to change them out with new plugs and wires little smoother idle and dropped 200rpm when idling. These were made in Mexico if another country besides USA makes a difference. I prefer a USA made product, maybe the President will get more and more once USA companies to come back to America?"
positive,"Nice design the way this goes together, no issues whatsoever on my 78 Bette."
positive,It fit great in my new 2015 Subaru Forester. I love it !!!
positive,Kept gas in 55 gal. drums for three years. Use as directed and can't go wrong.
positive,Lasts a lot longer and works better than a rubber refill.
positive,Great fit! Seems to be a better than average quality. Time will tell.
positive,"I replaced all the &#34;Marker Lights&#34; on our Montana Fifth Wheel. These lights are well made and super bright. Easy plug and play, just make sure you have them inserted correctly. If they don't turn on, rotate 90 degrees. Only work if plugged in correctly. I am very pleased with the purchase."
positive,Same as OEM parts but half the price. Working well so far.
positive,"I use this on my stained glass projects (after solder but before patina) and it works perfectly. Its SLIGHTLY abrasive, so I find it useful before patina (so that the solder is completely flux free and I think the patina sticks better if recently abraded) rather than after (as I'm afraid it will rub off the patina if I do it after).<br /><br />A little goes a long way so it's good value and it smells nice!"
positive,Easy to install - doesn't slip - highly recommended for the price
negative,I was really looking forward to being able to lock my gas cap on my SUV with a huge gas tank.  Got the cap and put it on the SUV and headed to the gas station.  Arrived at gas station put the key in and found out that it didn't work.  Not liking the idea of pushing the SUV home I borrowed a screw drive and easily pried the cap off (so much for security). It must have just been this cap as this is the second one that I purchased from Amazon and the first one has been working for 3 years.
positive,"Wanted some more rumble than the factory dual exhaust on my 2007 Mustang V6 4.0. I ordered this system and saved money with the Amazon coupon FLOSPRNG (good til 3-31-13). I priced this axle back out at $389.00 just about everywhere online. Amazon has them for $310.00 and with the coupon end cost $233.00. The sound is awesome! Nice rumble great through the gear changes and not to much interior drone. I cant complain and could not be happier. This is absolutely perfect. After a quick call to Flowmaster, I was informed that this system is specifically designed for the 05-09 Mustang V6. The end result One Happy Customer, and one happy mustang, it definitely turns heads"
negative,The shaft broke off while hand tightening the light to my bike. No tools were applied. The metal appears very soft (almost plastic). Disappointed I’m outside of return window.
positive,"So easy to use!  Collapses easily with a twist and stores in its sleeve.  Material is thin but the difference in temperatures is amazing!  I have an Acura MDX and it just fits the window, anything larger and you would need a larger shield."
positive,Perfect for the motorhome. It is exactly what I was needing.
positive,We were selling our van and were able to change out all 4 sensors for the new buyer.
positive,"I was very happy with this product... I had returned the other brand gasket back to Amazon because it was not even close to 1/4&#34;.  I really needed a little over 7 feet as was in the returned item, but I didn't want to order two bags of this one... I though I'd be cheap and reuse parts of the old material that were still in great shape...<br />Anyway, I was PLEASANTLY surprised to find the cord was well over 6ft, and at least an inch or two more than I needed for a complete replacement of both window gaskets on my fireplace doors.<br />Cuts and installs easily... Cemented just fine.. No problems."
positive,"I installed this on my 79 Jeep CJ7 4.2ltr. Installation was a breeze, and is performing flawlessly. Installed 3 months ago, still doing its job."
positive,This tool does easily reach the inner windshield where it's hard to reach to clean.
positive,"Was the perfect gift for a friend that had to drop out of a marathon at the last minute due to an injury. I stuck this on her car and fortunately she can take a joke. The magnet was good quality, very readable, and had good magnetic adhesion to the trunk."
positive,bed rails fit like a glove.after they were installed I had to stand on the bed rails to clean leafs off the carport and they didn't crack or get damaged in anyway and I wiegh 300 lbs. easy to install on my 04 dakota pick up.fast shipping too.......
positive,I was able to easily use these and not lose a drop of refrigerant. Seems well made and straight-forward.
positive,It's pretty easy it works but it's just a little shiny for my taste
positive,Fit well. Looks like it will hold up for another 20 years
negative,"Not the best quality for the price ,don't be cheap like me buy best ine arp $69.00 its way better than this cheap quality tool"
positive,"Pros: Super super easy to install. Light temperature is crisp and white, not heavy in the blue range like a lot of 'white' LEDs. These are bright. Really bright. Additional notes on the brightness below*.<br /><br />Cons: They are... BRIGHT.<br /><br />*About the brightness, which is reason for the 3/5 stars for brightness and 4/5 stars overall.. I could crack so many jokes about miniature suns shining from your license plate and they probably wouldn't be much for exaggerations. They're bright enough I'm legitimately concerned they may be illegal in some US states (I know they'd be illegal in Wyoming, not sure about here in Nevada)  as you can easily see the LEDs ('bulbs') themselves at any kind of angle, their brightness rivals most backup lights, and they're not red or amber on the rear of the vehicle and constantly on. I covered roughly 90% of the lense with black tape to bring their brightness down to a reasonable level but I don't know how long that'll last as they do get really warm really quick."
positive,"Great fit, perfectly protects the two front area's, has even extra protection on the sides of the running board..<br />all you have to do is vacuum or remove the liner and shake outside of the vehicle to remove dirt or debris..."
negative,I placed them in my truck I used alcohol to wipe down the aira after dryed. I peld off the red strip and placed them up. Then I put a little package of kleenex in them the next day I got in my truck they where on the floor. Both of them So I don't think they are worth buying. Until they get better. But until they in prove the adhesion.
positive,Fits as expected. Needs to have a tether to the gas cap door like the OEM standard fuel cap.
positive,"I have better luck with it by removing the leaking tire and wheel, breaking breaking just one bead and pouring it in and re-inflating the tire as quickly as possible then rolling it around slowly, even flipping the entire wheel over a few times so it can coat the tire and wheel inside, then put it back on and driving it around for about 10 minutes. Yes this even works if the wheel has micro-fractures in the casting but not if it actually cracked."
positive,It came fast and I was very happy with my purchase . Looks good in my truck
positive,"Decal actually measures 5.875 by 2.5, which is a little smaller than advertised. Looks to be of good quality though."
positive,"I bought my Solara with some minor damage on the hood that included a cracked trim piece here. It was held together with tape.<br />I'm really happy to say, I was able to remove it pretty easily and this even came with the replacement bolts to re-assemble it all. I had saved the original hardware in case I needed to reuse it, but it wasn't even necessary. Really happy with this product and my Solara looks like new now!"
positive,The hitch cover is really nice for our Nissan Rogue. Easy to install.
positive,"Perfect fit, super easy install for a total newbie (and saved hundreds from the dealership!!) Watch the YouTube,  and get the 2 bolts you need to screw in to back off the old rotors. Brake cleaner, all that stuff - easy!"
positive,Great! Finally got some led bulbs that are as bright as the bulbs they replace
negative,"Good price but the slender ones came off in Auto Car Wash and are gone  = disappointing.  The larger model for Behind the handle is fine.  To me, wasn't worth the price of buying...."
positive,Cheap. Good. Actually I've only used the yellow on a regular basis as I can wear them day or night. It is odd that sometimes I can remove the yellow glasses and realize how dull looking a day it is.<br /><br />Good protection behind a windshield. Good visibility in the periphery. Odd nose piece. I'll be buying more of these than the expensive Wx glasses I've been using.
positive,A must have for hot climates! A good 10* cooler when using these shades. Careful at night could not see anything.
negative,"The pad itself does it's job well, but, taking it off the Griot's Garage DA orbiter cause the backing to peal away from the pad rendering it worthless to use again.  The only thing I can use it for now is to apply wax by hand, which I could do with a much less expensive pad."
positive,Simple book kind of big but it does the job. If you want something compact I wouldn’t get it...
positive,Great magnetic hold to car. They mold around contours of vehicle! Help people realize that can't pass your slow moving car and then  merge in BETWEEN the car and RV! I feel safer using them!!!!
positive,"The product works and cleans up brake tarnished tires and rim and look very clean after spraying, brushing and rinsing off.  The Big But here is - the design for the spray nozzle is exactly the same for both in the open position.  They only spray in a stream which doesn't allow the product to fan or spray likes Suds in the pictures above.  I went through at least a third of t a bottle on 4 20"" Rims and was shocked by the time I got to tire number 4 to see the bottle had maybe one and a half more cleanings for $14 a bottle.<br /><br />It came out more like a liquid spray then a suds which would have made the product last multiple cleanings....  Time for a real spray nozzle"
positive,Fits easily in trunk and sturdy enough to carry into store and home while fully packed.<br />Worth the money !
positive,"I laid all of these in on top of the existing carpet mats and it's cut so precise, there are no gaps, it's awesome. I'm definitely impressed with this product."
positive,Works great on my 2005 g35 Sedan. Big difference in suspension feel.
positive,Great deal for hitch and wiring. The hardest part was figuring out where the holes were on the body for the fasteners already on the wiring harness. Simple to install. fits perfect.
positive,Excellent for an older oil burner wouldn't recommend it for a newer automobile very thick
positive,Keeps my CD's off the floor and all organized! I recommend this to anyone looking for this type of storage for their CD's
negative,"Holes for installation are crooked and hot big enough. So need to be enlarged<br />Material has small cuts and imperfections<br />It is MUCH bigger than the armrest. Since I wanted it ight and not to move around, I put fabric inside. As a reference, I used thin blanket, with relative thickness of this cover's fabric. It took 4 layers to make this cover tight.<br />Color of course does not match.<br />Material does not feel like leather at all.<br /><br />For the price they charge I would have expected much higher grade of material and much better workmanship.<br /><br />i wish I could return it, but it is already installed...."
positive,"Why pay 3 times as much for the same thing at the local auto parts store?  It's an air filter not a pacemaker, for crying out loud."
negative,I would NOT use these for any important hold down applications.<br />Very weak strap and the buckle is very poor.
positive,They look really classy on my Cadillac and are metal. Have tabs that snap on to cover screws. They look nice but wish they were metal. They pop off when I wash the car so I remove them and snap back on after done drying with micro cloth.
positive,No complaints. Item worked fine with our vehicle. Folds down easily and love the pouch that came with it.
negative,Just Installed it day before yesterday and it went out this morning.
positive,This six pack is a good value. It works as well as any name brand. We've had no issues with it and it is convenient to have the six-pack on hand. good stuff.
positive,"Great product; does what it was designed to do, which was to allow addition of large cables."
negative,"The product is nice, it's made really well, I really liked it. Then I went to take a CD out and it was skipping like crazy. It was brand new so I knew there weren't any scratches on it. So I pulled all the cds out to look at them. This holder has left glue or some type of residue on all of the cds. So it has ruined well over $100 of cds."
positive,Worked great.  Came with everything needed and I believe has solved my problem. Way cheaper than the genuine Nissan part
positive,"Shipped and arrived on time, easy to put together and the setup was also easy."
positive,I have a harley electragilide ultra with no antennas. The xxl fits it nicely. I do not see a xl fitting this bike. It is heavy material and the zipper in the back is great for accessing. I would like to see some sort of color difference.  Finding the front is a pain when its cooking out of the saddle bag. Yes the zipper is there for the back but it's not easily seen. Let bike cool down a few minutes before you.cover it.
positive,"Auto heatshield folding works as expected! Easy to unfold and install, also easy to fold up and store.<br />Far better than the roll type sunshade."
positive,"My leather chair was a soft supple leather that accepted the balm exceptionally well. There were pee stains and grease stains from the back of a person's head on the chair and with minimal cleaning and using this product I was able to bring back the natural luster and uniform appearance of the leather. My mother-in-law had given me the chair because she could not handle the stains and I have given it back as a brand new chair. I will definitely recommend this product to my friends and family. In fact I already have , my mother help me in restoring the chair so she knows just how good it works. Thank you for a fantastic product."
positive,Easy to install. Fits perfect. Keeps rocks and debris out of my A/C coils and radiator.
positive,"Works flawlessly. Use it on my 997 Porsche, to keep battery in great shape when the car sits for more than a couple days. This model is IDENTICAL to the Porsche branded model, but costs much less. You will need to buy the cigarette lighter adapter separately, but you still come out way ahead."
positive,"Thing works well. You can't use the impact gun on the jack as you would expect but it works.<br /><br />When the jack comes down, it comes down uncontrollably quickly but it's ok."
positive,"I have a Razer keyboard that has a volume jog wheel that became so unreliable that I stopped using it. After spraying this in, it works as good as new again!<br /><br />In the off chance you're in the market for a mechanical keyboard, stay away from Razer. The firmware issues alone are reason to not even consider them. I have a Razer mouse, however (Balisk X Hyperspeed), and it's pretty great."
negative,"Nice for the money, but does not fit tight or can be fitted in a VW GTI. I use it on the driver side, it does not fit, it has to be pulled every time I enter the car. It might fit well with other cars. The size is OK but it can not be fitted tight.  I get harassed every time my husband sits in my car. I just smile because what do I expect for the money."
positive,I use mine to hold sewing pins. The magnetic pin holder I had before was chintzy at best so I upgraded. This is fantastic. I have knocked it on the floor several times and not lost a pin yet.
positive,"The goggles DO fit over my glasses.  They DO darken &#34;a little&#34;.  (the photo is a little mis-leading) It's not so dark that you really get &#34;shade/sunglasses&#34; level protection, but it's better than nothing and it allows me to look a bit less geeky with the protection my glasses need and a bit of shade in sun or clear at night."
positive,Love the antenna. It fits perfectly on my 2012 Mazda Mx-5 Miata. I still get all of the stations I did before too!
negative,just ok.  Difficult to assemble -had to use glue to keep it from springing open!!!  Only had for 2 months - already showing wear and tear.  You get what you pay for.....
positive,"I plan to carry this on road and mountain bike rides. As I get older the thought of being stuck with a flat 14 miles from the car sounds dreadful. I did a trial run with it this morning on presta valves and didn't even have to read the instructions. Very self explanatory. Power it on, press the cycle button until you get to PSI, hold down the + button to get to the desired pressure, and hit the power button. Just make sure you have a leak-free connection with the presta adaptor and tire valve. Screw it on until you no longer hear hissing. I go by feel so when the tire is firm enough I just power it off myself instead of waiting for it to shut off itself. Fits nicely in the rear pockets of the TSLA short-sleeve jersey I also ordered. I also carry two bottles of sealant with me. One thing...it's pretty loud!"
negative,I ordered the brown color. It is nothing like the color they show. It is a dark brown and does not match at all. They also have a nasty smell to them.
negative,It says xxl but I have long hair and even with my hair down I can't get it past my forehead unfortunately. It's a great looking helmet but if you have dreads it will not work
positive,Looks good changes things up. Gives you that custom feel along with the other 5 million who purchased this for their rides in the past.
positive,Buying another one!!! This is awesome! You can stretch and tighten buckles to fit anywhere in the back of my van. Would work well for any van or suv.
positive,These works really well and led is where it’s at! They are easy to install. These are 20 times brighter than my old stock bulbs!! Now I need to change my fog light bulbs. Great price on these. I’ve had zero issues.
negative,"These were hard to install and too small for passenger side view mirror - can’t see the attached mirror, let alone see any vehicles in my blind spot. Waste of money. :("
positive,"It's been 9 months and 4,000 miles since I installed it and no issues.(I don't drive that much) sure hope it lasts for years."
positive,"I purchased these for my 2014 4runner SR5. I went with these because of the price point and I liked the look compared to the basic nerf bar style or like what N-fab sells. I don't drive over boulders so sliders were overkill and didn't do much to help my wife or daughter get into the vehicle. Shipping was quick. Product was very well packaged. Fit was spot on. Quality appears to be excellent but time will tell. These mount where the factory running boards would mount, not to the frame. The gap between the body and step is small, which I appreciate. If you're looking for an alternative to factory or n-fab, these are it."
positive,This works great. It has charged and re-charged many batteries for us. Easy to use.
negative,"Seller very easy to work with and provided full refund.  This is whey I am rating a ""3"" and not a ""1."" The issue was the spring was too weak to hold the bar in place.  When I extended the pull-out cargo cover and got it to where the tabs would be inserted into the slots, the unit popped out most of the time.  When it didn't pop out is when I discovered the tabs were too wide to fit into the slots at the back of the Telluride.  The seller apologized and provided a complete refund."
negative,Rather cheap.  Add to add tape to fit our receiver but it's still in the receiver.  Works for what we need it to do.
positive,"I bought these for my new car so that the kids wouldn't get their feet all over my back seats (both were in booster seats so their kicking range was greatly extended). Not only have they protected my seats, but the kids love the many pockets that they can keep their stuff in. These fit well in my Mazda CX30. Only issue I have with them (reason for the 4 stars) is that I wish the bottom strap could be a bit more snug and allow for the middle part of the organizer to fit more securely against the seat."
positive,Exact fit in my 87 turbo coupe. Came with the gasket.
positive,Although I had to drive my car to blow up my pool - it served its purpose and I was happy with it. I'm happy I made the purchase.
positive,Made our Mustang and Camry look ever better. Good company with accurate description of their product.
positive,"2003 Matrix easy. NO-TOOL INSTALLATION. Snap-fit hook arm design, this little happy homemaker 50 year old did it in under 5 minutes the first one took 4 minutes the 2nd, once I knew what I was doing, took a minute - lol!. These come with a REPLACEMENT INDICATOR. Alerts you to change your wipers as they are nearing the end of their life - takes the guess work out."
negative,"I love this sticker, the color and size is as described and it looks great on my jeep. The only reason I can't give five stars is ihat it started to peel off after only one week, even thoughgthe window was cleaned etc before application."
positive,They look awesome. But the Holdsworth cut out exactly right to match up with my post holes. Which is okay by me cuz I don't use them anyways
positive,"I have a ford Fusion and this wheel cover looks great in it.  It took a while to get it on, but once I got it, it was very snug.  I have the matching seat covers and they are both great"
negative,I bought this because I have the non-perforated Sonic 2.0 and love that jacket.  This one fit totally different.  Sleeves were longer and narrower that the non-perf one I have.  It was really tight around the forearm.  Sent it back.
positive,Amazing piece for less than $5. Replaces the easy-to-break plastic garbage that comes standard on most trailers.
negative,"They Rust all to Hell!<br />  These are made by Changzhou Wujin Hutang Hongsheng Machine Fittings Factory in China (aka: Hong Sheng Machine Fittings). Thats why they are rusted junk in only a few months. Shame on Gorilla Automotive for this. One thing to slap your name on a piece of junk but to not take care of customers is another issue all together. They ignore your complaints!<br /> Please understand this folks, these not only rust outside and look bad they are rusting inside & onto your cars studs ruining its threads...Remove them asap!<br /> AVOID THESE RUSTY HONG SHENG/ GORILLA WHEEL LOCKS & NUTS.<br /><br />Google this part number it should take you to see them 46440 with k670 .......Sold on Alibaba!"
positive,"I got this for my JKU. I bought it used so the price I felt was more reasonable. My time is limited these days and I did not want to make my own roll.<br />This works great with the 2013 JKU windows. They fit perfectly.<br />It rolls up neatly. And all the windows are well protected.<br />Overall, worth the convenience."
positive,Definitely a task to put in make sure you have the correct tools makes it way easier and a few friends.Took bout 4hrs and some patients but we managed. I definitely like the look of it and for the price it's not a bad deal at all looks like a different jeep.
positive,Had to have a pro locksmith install it for $90. Took 2 minutes. Works great— just like the original. Saved about $150 by not buying it and having it installed at the Toyota dealership. Plus AAA reimbursed the locksmith fee.
negative,Bought for a 2016 tundra. Tried for an hour to work it onto wheel with no luck. Put on other car instead but very displeased!
positive,"Wish they were 2 or 3 inches wider,  towards the center of the bike. I would buy again"
negative,"It is very functional for what its use is, but... it can take several minutes to open it. The included key doesn't work very well.  Husband usually can't get it to work. I would buy a different brand.<br /><br />Update. After the vendor read my review they contacted me and sent a new one. Works well and easily.  As it was intended.  The original one must have been defective.  They did NOT ask me to change my review....  now very easy to use!"
positive,"Locking gas cap for capless Ford 2017 Explorer<br /><br />1. Price ($15 6/17/22; or three gallons of $5.15 gas) is right: two-thirds the Ford OEM locking cap.<br />2. Key is double cut-- teeth are on both edges -- meaning you can't insert the key wrong.<br />3. Turning the key to unlock holds the key in the cap, giving you a convenient handle to withdraw the cap.<br />4. Insert cap, turn kay, cap is locked.<br /><br />A local launched his boat in the lake and parked the truck/trailer rig in the parking lot all day.<br /><br />Came back to find the truck drained of gas. Time for a locking gas cap."
negative,Only used it twice but on the third try it ripped at the seams while casually putting it on. Like wearing Toilet Paper.<br /><br />If I had worn Waxed Paper it would have lasted longer.
negative,"I bought this to go into my 2012 GMC Acadia SLT1. I was told it was a good fit, however, when I mechanic came to install it, I was informed there was absolutely no way this alternator would fit in my SUV. I had to send it back and had to pay my mechanic $60 for coming out.<br /><br />The good thing about it was Amazon issued a refund on the spot 🙂 instead of making me wait until the part was returned. That's the only reason I gave a 3 star🤨. Otherwise, this review would've been a negative 10 🥴😬 (if they'd allow such a score 😉)."
positive,"It fits right under the back seats so that when the seats are down, they act as a lid to the storage. Like other reviewers, I drilled a couple of holes in the back to bolt it securely to the small storage compartment already under the seat. This works better than the included straps. It won't go anywhere.<br /><br />I also have a sturdy mat that this is sitting on and it still works. The capacity is nice. I can put tow hitches, straps, bungee cords, tow ropes, air compressor, small tool kit, tire repair kit, jumper cables, additional jack if I need one, and still seem to have plenty of room for more stuff...who knows, perhaps there is a secret decoder ring back there too! Now we're talkin'!<br /><br />Anyway, I am pleased."
negative,I made sure my truck met all criteria for this light assembly...... but when it arrived I noticed the harness did not fit the 2018 Silverado Custom.
positive,"Excellent quality, best pair i’ve owned yet. Leather is soft yet tough. knuckles feel like they were molded from my hands. Super grippy"
positive,"I only went 4 stars because of the scent it leaves. Its Not overwhelming its just not my favorite scent. That being said its a great cleaner and as the other reviews stated it doesn't leave that greasy kinda film on. The one that collects every bit of dust around. Gives it a nice clean look and its not all shiny and helps keep down the interior reflections. I only had time to do half or less of my car but i was impressed. This should go a long way as well, I didnt use hardly any. Only true suggestion, offer other scents. Just not pina colada either. Please not that."
positive,On Keystone 29BHS. Simple install will last life of RV.  Get it. Makes it a 10 minute job.
positive,Bought to use with my Porter Cable Orbital 6&#34; machine. Works great to apply both Wax and newer (to me) polymer sealant products.
positive,"I use this thing everywhere, shower, counter tops, car, ect. Works great for cutting down on the water spots left behind in the shower and makes cleaning my granite counter tops a breeze."
positive,"Not sure about the negative reviews, mine have been in for 6 months and great so far.  Nice yellow light, good brightness and the yellow light is really good for cutting through fog/mist as that is the optimal color to do it.  I have to assume that half the reviews where a bulb is burnt out the person installing them touched the bulb with their finger or didn't clean the bulbs off with rubbing alcohol and a lint free cloth prior to install which can cause them to burn out really fast."
positive,"The price is right for these and I recommend them. They do have a smell that is made to be somewhat flowery, but it's there. It disappears after a month. If you don't want to mortgage your house for auto floor mats, these are for you!"
positive,"It's really easy to use. I have a couple of gallon sized jugs left over from other things, so I just dump the measured portion into them and fill with tap water, so I always have 2 gallons of wiper fluid ready to refill my car.  Or, if you don't have extra jugs, you can just measure and pour the same amount into your car container after you run out, and then fill it up with water from the tap or from a hose.<br /><br />It's far easier than having to buy them at a store, transport to my house and unload from the car. And buying at a store costs about 4 to 6 times more than this approach. You also prevent a ton of environmental waste. About 90% of the plastic that's put in a recycling bin these days ends up in a landfill because there aren't enough uses for them. So the gallon jugs of wiper fluid you regularly buy are going into a landfill, where they'll never decompose.<br /><br />This avoids that, plus saves you a ton of money and also saves you time and effort versus the store method."
positive,"Big upgrade for my 2010 RX350 DRL and high beam combo. Was not sure if needed extra resistor because of same bulb two functions, but after contacting the top notch customer service team, promptly they answered my issue and recommended a resistor for this application. Worked great ! I have purchased several Sealight products and from recommendation my friends have too and are all very satisfied.<br />Thanks again!"
negative,"I was excited to get these for my new car, until I opened the box, and the smell of musky mildew hit me in the face!  I've tried to let them air out, but the odor is so strong that it's stinking up my apartment, so I'm certainly not going to put them in my car!  Terribly disappointed!"
negative,"Works great, bright light looks fantastic next to xenons of my e39.  The wiring is abit flimsy (not as robust as other under-hood wires) and it does &#34;throw&#34; a &#34;check side light&#34; code.<br /><br />Follow up March 2016:  Downgrading to 3 stars after both stopped working after 10 months.  I'm not sure if its these units or another problem, but I'm not optimistic. If they're truly dead (strange that both would go simultaneously) then I'll downgrade the review further."
negative,"I wore this on a 10 hour motorcycle ride from Austin to New Orleans, where it was raining for about 8 of those hours. Probably one of the more miserable rides of my life that was not made any better by a failing rain suit. Most of the waterproofing material had rubbed off leaving the jacket looking like Swiss cheese. I had read reviews from multiple places saying this was a good one, but it did not stand up to the ride and I returned it as soon as I got back. Still on the hunt for a solid rain suit that will actually keep me dry"
positive,Does what it is supposed to do. Hauls my crap around.
negative,"but it is totally different, so I can give it away to somebody who can use it.<br />So I can't tell how good this product is, i just can't use it....<br />If youa re driving a Ford Fivehundred than move on, it will not work."
positive,Love having this extra safety feature. Wiring is not difficult -- accessing wires by dismantling area around headlight is the only tricky part. Works perfectly every time.
positive,2 minute to install with just a Philips screwdriver! And fit perfectly on my 2011 Audi q5 3.2T!
negative,This is not an Atwood product.  it is a Dometic product and not the quality of Atwood.  On/off switch is extermely difficult to use and clearly will break after a few uses.  Very poor quality and should not be sold as Atwood.  Shame on Amazon!
positive,"Such a cool product, ordered it for my 12 yo daughter to ride and listen to music!"
positive,"I installed this on my 2018 Nissan Frontier SV. I wanted to allow the engine to breathe a little better and hopefully gain a little power for towing and maybe a little better fuel mileage. So far I can honestly say my truck does feel like it has a little more grunt when the RPMS are up around 3500 to 4500. My truck doesn't down shift as much when I'm towing my camper or boat in hilly areas. I have noticed that on the highway using cruise control, I'm getting roughly 1 mpg better fuel mileage. I have not noticed any mpg gain around town but that doesn't surprise me. I will say that this intake does sound bad a** around 4000 RPM's when I floor the throttle. I know that if I add a better exhaust that I would see better overall results from this intake."
positive,This is just big enough to fit my large truck key as well as a small cab over window lock.  It has a very strong magnet that will hold well on my steel undercarriage.
negative,"Fell apart after a test plug.  Worst thing I ever bought on amazon.  I'm mechanically able, and after looking at the components, I could see that this thing was never going to work properly."
positive,"Bright lights easy install. After a year I notice few started to flicker, I installed on three vehicles and they started to flicker. Will wait for better product."
positive,"Zero leaking after 6 months, makes changing oil so much easier. No more looking for the right wrench, etc."
positive,Always gfood to use a fresh crush washer to avoid leaks.  These are perfect.  I believe they are made out of aluminum and do their job well.
positive,"This net stretches perfectly to hold 3 full size suit cases, keeping them from sliding around the bed while driving and also keeping them at the tailgate area for easy unloading.<br />You will need a pair of carabiners to use as the net has loops, and truck beds have loops / bull rings."
positive,"Got this for my 2007 ninja 250. When you look out while riding you can see a little orange at the bottom of a bright white light. Looking at the light at the right angle and it looks a little orange or gold, but really only on low. On high it casts a bright beam that illuminates well."
negative,It doesn’t really fit if you are looking for perfect. There is no adhesive at all. I will probably get some double sided Velcro to place in 10 points to keep it in place… 3 inch strips should be good enough. The wrinkles will iron out in most places. I also had a steamer I used… probably prepped it for about 15-2.0 minutes. After placing on my dash I will be sure to Velcro certain places that tend to pull away from where it needs to lay mold to the curves of the dash board. It likes to pull it self in it’s own direction. With some adhesive Velcro strips I should be able to help it shape itself the way it  is designed too… the cut outs for the defrost and for the passenger side ducts could have been prepped better. They are just cut out… with some lining covering the edges such as they did with the outside would have gave it a more professional “look”. Some of the stitching is below standard. Not to bad for the price but not as advertised. The material should last a really long time and it’s not as rough as I expected. I would have gave this a better rating if it was actually adhesive in places necessary. I do not believe in normal driving it will stay in the place it needs too bc again it likes to pull itself out of place after just a few minutes. I waved my hand around it to see how flat I could make it. A few more dollars with some adhesive and Velcro strips will get you by. I won’t return it bc the options are slim outside of this same design. Could have been made with a little more concern and care to the customer.
positive,Everything works as intended great product and you get everything that was in the description. It works as advertised and very cheap too.
positive,"I like the grip on Fram filters, makes it so much easier to remove when it is time.  I have used Fram filters for years with no problems."
positive,"I wish I had a before and after picture.  This gem of a storage container helped to keep my trunk clean.  It holds A LOT for the price.  Plus the nifty velcro pads on the bottom are great to help keep it from rolling around.  It is REALLY secure back there.  Great price, quick ship, holds a lot."
positive,"Bought a cat back exhaust system that came with u-bolt design exhaust clamps.  The u-bolt clamps do not hold a seal and pipes could still move (rattling against heat shield, etc).  Replaced with these clamps and the connections are rock solid, no more twisting, solid seal.  Very well made, happy with the product!  The exhaust vendor should include these with their kit..."
positive,"I have been using this stuff on all my cars for 10+ years and this stuff ROCKS! I bought one of my cars, a daily beater, 10 years ago and have applied probably 10 layers of this polish during the first couple of years and then stopped washing my car. After all, it is my daily beater and it rains as soon as I wash my car. What is the point? Anyways, rain does the job and keeps my WHITE car WHITE. I recently washed the car because I am trading it in for a new car and the paint still had a beautiful shine to it and it looked brand new. This stuff lasts a long time! I have tried other polymer based products but I find this product the best. My other car which is also 10 years old looks gorgeous with a wet look. Highly recommended."
positive,"Replaced an unused gauge, took the gauge out and secured it behind the panel, had to modify the supplied bracket that holds the gauge but a cut off wheel made short work, finding wiring to power was the only frustrating part as it needs constant power, ground, keyed power and it has a dimmer mode if you choose, I did not install it as even at night with the numbers blue it was not overwhelming. I’m asking another driver if he wants one in a Peterbilt and will let you know if it gets installed in one of those. Looks good and provided cable was plenty long enough to install, no length modifications to the wiring supplied was needed."
positive,Seal is of great quality better than the National's I pulled off. This is the seal on the back of the inner wheel bearing hub. This is NOT the seal behind the CV joint axle. Fit my 2001 Xterra perfectly. These are what you replace when repacking the wheel bearings on most Nissans.
positive,Just as described. Looks great and work great keeping the wind of of your eyes!
positive,Love it. Still have more open pockets for additional items.. wish it was a tad thicker though. Love the velcro on the back idea I think that is down right ingenious. Fits perfectly in a midsize SUV.
positive,"This stuff helped out so much on my WRX 5 speed! I had done a stage 2 clutch on it. Used the Royal Purple at first. It did well for a while then i was getting some grinding shifting into 5th gear. I was at speed to shift. So people don't think i was shifting to soon. Replaced it with Redline oil. It did not like that either. Which I love Redline oil! Went with the Subaru transmission oil and it was worse,  way worse. Finally gave this a try. I did 3 quarts of this and the rest gear oil. Baammm! No more grinding. Shift are way better. Granted, I am putting 390whp and 479ftlb to the wheels. I know its only a matter of time. But at least for now, it helped"
positive,Replacement for '97 TJ older and not as bright as they were when they were original.  Very easy to install.
positive,When buying something like this you are buying the name.  One really does not know what you are buying.
negative,Would not work with my truck windows that apparently have some sort of safety sensor where it will stop the window if it senses an obstruction. I never could adjust the fit to allow me to use my window without disabling that safety feature.
positive,"This is a beautiful sticker. In fact, this is the second time I've purchased it and I bought enough to give to friends that admired mine.<br /><br />Excellent quality, you will be happy with it."
positive,"The only cover that fit my Chev S10 wheel, even though the dealer ""says"" it is a "" standard "" 16 inch. You know they're nutters when even strong men who wanted to sell a cover couldn't fit it on (or sell it).<br />I had to return an 18 inch cover that was too large and was not stretchy enough to fit.<br />This one is loosely fitting, stretches to avoid extra material flapping, and grips.<br />But mainly I appreciate Happy Starla the seller's courtesy and helpfulness.<br />It might not have fit!<br />The Post Office delayed the shipping so long I wondered what was wrong.<br />It would be nice to have some kind of padding or filler. But it does the job."
negative,"Doesn't fit my John Deere 112L, so I made an adapter.  Just slightly too firm and thick."
positive,"Good price, and I prefer satin finish over the glaring shine.. reminds me of 303 aero without the higher cost. Will buy again"
positive,"Easy to install, helps to have two peopleThey look great on the truck. They have been on for several months very sturdy and they do not get slippery when it rains."
positive,"Can’t really argue for the price, but I wish it was a better fit."
positive,"I bought these several weeks ago.  Filled tires to desired PSI. Have checked tires,  and these appear to be accurate. It's a less expensive method to keep an eye on PSI on my fifthwheel.  I will update in a few months. The pruduct was well packaged, was on time, and appear to be well made!"
positive,"Great location to hold the electric gate pass. Solved the problem to easily access the entrance gate pass. Or other small items, such as keys for another vehicle or lock. Fit was good, quality is good, easily installed."
positive,"This starter fit perfect on my 2007 Honda odyssey touring.<br /><br />It came fast and looked even better then the oem.<br /><br />I cant comment on how long it has or will last as I just installed it today, but it worked perfect with no problems.<br /><br />There was no forcing or tinkering to get it to fit like some aftermarket parts... This was a straight bolt on and was fully installed and finished in 2 hours.<br /><br />Update 5/2020<br />It just started to go out, so I just replaced it. Literally lasted 6 years and nearly 100k miles this really is a great after market starter definitely recommend!"
positive,"It's a smidge long for my 4-Runner, but it is a great shade.  Not flimsy at all, very sturdy and easy to put in place (no tucking behind visors and just praying it stays in place).  No sagging in the middle.  Seems to hold up very well, definitely recommend!"
positive,"I bought 2 of these fans because my AC in my SUV unexpectedly quit during one of the hottest weeks of the year so far. It was going to take a while for my mechanic to obtain parts and do the repair on my SUV. I was ecstatic to find this fan here with the oscillating feature, at an awesome price. My prime benefits made this deal even better. Yes, its just a bit noisy, but not a rattling type noise, and not anything that I would find super annoying. I'd take a little noise (that can easily be muffled by the sounds of loud teenagers or the radio) over being miserable in the sweltering heat anytime. I had things to do and places to go and this fan was very effective in keeping us cool and circulating the air. I would highly recommend this."
positive,"Great set of brakes ...and new parts, not refurbed.  I installed easily and brakes are now just like when she was a new Jeep.  Good price and fast delivery makes it easy to highly recommend this seller also."
positive,These are great. The installation was super easy and they look good. Not so bulky/ugly looking as many I have seen. I put these on the front and back of my GMC dually and installed in minutes with very few tools. Made in the USA is a big plus!
positive,"This sun visor works perfect on my car, the lights function and it installed great, but the clips that came with it are crap, use the original clips if you can!"
positive,We use these all the time in our RV and they work great. We love the scent.<br />Beware: they will explode in very hot weather. We had these in our RV this summer and they exploded. I guess it got too hot inside the RV.
positive,does it job and stops the car when you want it....<br />Fit perfectly
positive,It works.  I ordered a 2nd one for my husband’s bike.  I ride through some city roads to get to the bike path and no phones have bounced out yet🤓.  Neither of us have bothered with the lock feature 😎😎😎
negative,"I made my whole car to be covered in purple which all worked out great except for these. Sadly the gems were already missing when they arrived in the mail! They also did not fit in my truck, but they did fit in my car. No idea why they didn’t fit both."
positive,"I have tested over a week, keeping even ice cream frozen in Texas weather, mind you not in Texas summer yet, but a few 80 degree days. I did have something set wrong and it drained the car battery after 4 days, so that is on me.  There is battery protection built in, I just didn't have it set.  I was kind of curious to see how long it would take. Very nice clamps to keep the lids closed, travels well staying in place, great additional seating or table when the vehicle is stopped. Single compartment can be used when grocery items are low. I am very happy with this purchase."
negative,"This product is okay, but too small in my opinion.  It is great for a &#34;grip&#34; on the pad which keeps you from getting cramps in your fingers, but would be much better if the base was larger to improve pad contact on the car/truck surface."
positive,Nicely constructed and makes for an easy disconnect in my battery charging circuit.
positive,These wipers were of great quality and installation was quick and easy
positive,Easy to install good directions and super white and bright. Turns the night into day.
positive,This stuff is double the weight of the red 150 version. It’s a little thicker but way better. I’m bummed it’s no longer available.
positive,"As much as my OCD screamed at me for putting bright blue clay on my white car, it was oddly therapeutic to rub it all over sections of my car!<br />I was amazed at how much cleaner my car looked, & how grubby my little blob of clay had become!"
positive,I put this on my Lexus Is350 and it blends in well with the factory trim like it came with it.
positive,"Purchased this to change the front differential/MT oil on my 2018 Subaru WRX. At first it wouldn’t fit down the dipstick hole, so I cut the lip off & it fit down perfectly."
positive,"I bought all three components of the system.<br />Only complaint is there seems to be no real personal contact for questions on what to buy.<br />But other than that, I am very, very happy I chose the Warn Provantage System. High quality and fit together without modifications,"
negative,"Material is cheap and thin. Screen printed photo is extremely pixelated. Looks good from a few feet away, but sad looking up close. I don’t think this thing would last more than a year with any amount of sunlight. Saving grace was that it’s a snap to install."
positive,"This fit my '10 Escape perfectly. Simply remove the old one, and replace it with the new. However . . ..<br /> As noted, use of extreme care is strongly advised  when dealing with the gasket.<br />This can't be stressed enough!<br /> Use some bulb grease or dielectric grease on the plug. Sparingly! This will guard against water intrusion, and make disassembly easier if ever needed.<br /> I used a small zip tie as a hose clamp for the washer nozzle. Probably not needed, but it cost nothing for the insurance. Some have noted that the spray pattern of the new nozzle differs from stock, and it does, but it is usable in my book.<br /> I did not receive replacement mounting hardware. Rather than reuse the old, corroded screws, I had some stainless pan-head screws with a similar thread and a Torx head that I used. I slipped a washer of the appropriate size on them to give a better bearing surface.<br />Took me about 20 minutes to make the change, and worth it! The light isn't much brighter, but is more focused towards the rear. It also illuminates NOW when the brake pedal is depressed. A few milliseconds of safety might be vital!"
positive,"These lights are great! It took me 5 minutes to install these on my 2021 Subaru Crosstrek. Immediately, I noticed the increased brightness against my garage door. When I drove it that evening, I was amazed on how much brighter and clearer the illuminated area compared to the stock lights previously on.<br /><br />Also, the flood light coverage seemed wider to me. A 2 pack for this price is a great deal! Highly recommended!!"
negative,"I drive a 2004 Dodge Ram 1500 standard cab pickup truck. I purchased these to replace some worn out  covers I've had for about 8 years. I'm not terribly happy with these. When I first opened the package, I thought they sent only one cover. It felt thick, but I realized the two covers were shipped nested inside one another. Once I separated them is when I noticed how thin the material actually is. Nothing tough or durable feeling about it at all. I ended up putting both seat covers on my driver side seat since I'm a landscaper and tend to be rough getting in and out of the truck sometimes. The integral  &#34;strap&#34; that goes around the seat and is supposed to keep the cover in place is a joke. Not nearly long enough to actually use it. Ultimately... these are inexpensive seat covers compared to most, so I didn't expect Kevlar level protection. Disappointed nonetheless.<br /><br />I would recommend that if you are looking at these for your truck.. keep looking and spend a few more dollars to get something more substantial. I'll be doing that soon."
positive,"Bought two of these, one for my Renegade and one for my husband's truck.  So far they are working out great!  It is easy to open the bag with just one hand and then snap it back shut.  Looks to be well made."
negative,I thought the bristles were going to be softer on this brush. I scratched up my 2014 Corolla S rims pretty badly. I'll find other uses for it. I'd recommend you get a microfiber brush instead.
positive,"Bought these to replace my license plate bulbs. Been in for about a month now with no issues.<br />All bulbs operate normally, not as bright as expected, but for the price not bad."
positive,This is the fourth set I’ve bought for my kids. We’ve tried other brands and these fit the best and easiest to install.
negative,"I have tested this charger on:<br /><br />1) Gel-cell that I know is bad. The charger read out says the bad battery is fully charged? Nothing about the battery will not even accept a charge. I do not expect this pulse charge to fix the battery, but it says it is repairing it. This charger is far from intelligent.<br /><br />2) Gel-cell I know for certain is good with only 8 volts. This charger works for about 45 seconds and states the battery is full. The fact is it is only charged to 8 volts when checking with fluke volt meter.<br /><br />3) Used on car battery during -3 degree night. I checked the car battery with fluke volt meter before attaching this charger, read 12.5 volts.  Next morning when I check, this charger says battery is full. Fact is when checking it fluke volt meter it was down to 10 volts.<br /><br />Simply put, I have a bad battery charger or this is junk."
negative,"It's interesting since I've used Hawk HP Plus pads on street with at least 4 different cars including the integra type r, rx7 FD3S, E30 m3, and now the E46 M3.  Only the type R and E46 M3 have i used on the track.  the type r had no issues on track.  The e46 m3 at 3600lb with me in it had issues in 75F weather.  the pads began to melt and left some glaze on my rotors.<br /><br />another issue is how noisy these pads are, they used to be tolerable on other cars but after bedding again and again they are VERY noisy.  I'd recommend you either go with the street pads, or jump straight to DTC-60."
negative,"Was delivered with puncture holes.  Something as fragile as a radiator should be packaged better than with cardboard and thin styrofoam.  Also, was not as pictured.  Came with an extra unnecessary stub up top that would have to be capped."
positive,"I was putting on new tires, so I decided to upgrade the valve stems from the ugly black plastic. These went on very easily, sealed perfectly, and look great.<br /><br />Pros:<br />- They look great even if you don't have custom rims. Black plastic is ugly and detracts from the looks of your vehicle. These look much better and blend in with custom rims to create a seamless look.<br />- Easy to install. The rubber part you see in the pictures is a 2-piece seal, just unscrew the nuts, slide the bottom part of the seal off, stick it through the hole, put the seal back on, and tighten the nuts. You're done.<br />- Good air seal. You don't even have to torque the nuts really hard to get a good seal with this design.<br /><br />Cons:<br />- You do have to pop the bead on one side of the tire, so unless you have the right tools and a big air compressor, this isn't a DIY job. But if you're getting new tires anyway, that would be a great time to upgrade the looks of your valve stems.<br />- No good way to keep the angled stem aligned where you want it when you're tightening the nuts. They should have either a full hex pattern or at least opposing flattened sides on the outside part of the stem so you can put a wrench on it.<br /><br />I like these and will probably get another set when it's time to put new tires on my other vehicle."
negative,"*UPDATE*  the package ended up at my apartment,,, however all that was in the package was the steering wheel cover, a small bag containing a larger bag?? Like what... so it’s being returned and I want my money back... makes no sense... the heck am I suppose to do with a black bag. If I could rate a minus star I would"
positive,"I had a fram filter with a hole in the canister and it was painted over. No marks on paint.. I did not notice it until it was in the car shooting oil out..Nice mess that was.. The store did not question my return an hour later like well thats normal..  So pay a little more or get it for the same price on amazon,,  Paranoid i always check for a filter leak now..  Mobil one has treated me very well.."
positive,"I like the material and it’s thick enough to protect my car key. Only thing I dislike is when you take it out your pocket, the little white fuzzy stuck on the rubber. I’m sure when you wash it with water it’ll easily come off."
negative,"Will not fit Flex Fuel model as described, purchased this because of value, only to receive credit from Amazon for item."
positive,"I have a newer silverado crew cab and could not find a gun rack that fit in my window or looked good hanging from the headrests. I have tried laying them in seat, floor, under seat and none of these places could hold it in place. With this mount I have mounted it under my back seat. Now it is out of site it is secured from bouncing around it is easy to get to have had no issues since installing it I highly recommend this product"
positive,this is a wonderful decal.  I was so impressed when i opened my package.  It is unmistakably Ariel!  Very detailed and nicely made.  Very happy
positive,Works as well as any I have had in the past for half the cost.
positive,"This is a very nice spinner knob. Spins very nice with no crunch bearing feedback. The bearing used seems to be of high quality. The knob itself feels very nice and provides the perfect amount of grip, you never feel as if your hand will slid off the knob while turning. The overall weight, texture and appearance is of a high quality product. They provide short and long screws to ensure you have the correct size. I would verify the diameter of your steering wheel before buying. Im using the steering knob for an off road ATV which has a larger diameter steering wheel so in my case I needed even longer screws to make it fit. They also included a nice thick piece of rubber which fits between the steering wheel and the knob in order to provides grip to prevent the knob from moving or sliding on the steering wheel. Once you tighten it down it will not move so make sure you put it where you want it. I would definitely recommend this to someone who needs this product. I would buy again myself. Cheers!"
negative,Looks good but pricing for single piece is over priced Autozone has it for 5.99 free shipping and buying two units kept it within the normal range.<br /><br />Quality is normal and shipping was fast but price structure makes it a 3 star rating.
positive,I used these to mount driving  lights on my 3in stainless steel tube bumper.  Getting lights level and pointed was a big concern and these made it very easy to accomplish this task.  These have been on now for 3 months and holding great. I'm very happy with purchase.
negative,"the fan barely blow air,  after 5 min the coming out air was 68F...  so it's a fancy bad quality fan.<br /><br />UPDATE:  attempt to return: seller sent a shipping label with address in CHINA at my expense.  Now it's a $32 paperweight."
positive,"2002 V6 accord was starting to shift very hard, added 2 syringes and took for a very long drive and after a few says shifted like brand new. I couldnt believe it worked that well.<br />I just bought a beautiful Acura will same same tranny, low miles and fully loaded but purchased extremely cheap due to it shifting hard , hoping it works its wonders on the Acura as it did the honda"
negative,"I do like the looks, however be aware that there a couple issues.<br />1. Both the front facing lights a keyed for the drivers side… this causes an install issue because on the passenger side it pulls the wiring harness tight, why this is an issue is because the prongs on the inside of the Chrysler designed connector are offset and pulling the wires moves them and the passenger lights will not work, I fixed this by adding some length to the harness. But it should not happen if they would have keyed each side…<br /><br />2. The front facing turn signals are not that bright when flashing.<br /><br />Still look cool even knowing to was a pain to fix an issue when there shouldn’t be one."
positive,"My generator tire was flat, I added this tube to the existing wheel and it has held air and fixed my problem for at least 6 months. I am so glad I found this solution instead of replacing the wheel. Install took about 30 min…"
positive,"These are very study , well made . There not going to break easily at all."
positive,I love these things. They stopped the seatbelt from rubbing on my neck. I've even given two away and now they want to buy some.
positive,It is what it says. Heavy duty.<br />I keep this in my car to render unruly others unable to continue carnage.<br />Like drunk drivers or aggressive<br /> a-holes. I pull the valve stem rendering the car undrivable without any damage to the tires.<br />Additional feature is the handle has a protrusion for dealing with the bead while mounting the tires on rims that is perfect for rescue when a window needs removal fast.<br />Its also a Damn good weapon.<br />Great tool to keep secured in my car.
negative,"NOT GENUINE HONDA part, be aware connections are wrong, end of the tube are different from the original picture where is you have to put clamp... so trying to save some time looks else where!"
positive,Fits in tight and looks good. I do not feel that this will come out unless I take it out.  Great price as well.
positive,"Edit: Figured out my issue. Plugged this into my air compressor set at 150psi, and the gauge broke. Gauge is rated at 100psi, I subjected it to 50% more pressure than it's designed for. If you plug your toaster designed for 120v into a 180v outlet(if such a thing existed), you could reasonably expect it to fail too. I'm replacing the gauge with one built to handle the pressure, and will try again. Edited from 1 star to 4 stars. Didn't go to 5 stars because most home compressors are over 100psi, and Jaco really should be including a gauge that can handle those pressures.<br /><br />Original review:<br /><br />Overall the tool seems well built, but the gauge completely failed on the third vehicle it was used on. I'm a month outside the return window, so stuck with it. I'll be replacing the gauge, and hoping the rest of the tool holds up better.<br /><br />Even though the rest of the tool is decent, one star due to the failed gauge. The gauge is an integral and vital piece of this puzzle. Without the gauge, I have half a dozen other tire chucks that work just as well, and cost a fraction of what this does."
positive,Great scanner at a great value. Used this to diagnose misfiring cylinders in our 2007 Honda Odyssey EX-L. Has Bluetooth so was able to send report to my iPhone.
positive,"These things are so bright. Possibly too bright, but I love them. I've recommended them to a few people who also loved them. Very easy to install, makes everything in your car visible when its dark out."
positive,I searched everywhere and couldn't find one to fit a very small trailer.<br />This worked perfect
positive,The quality of this frame is excellent.  It's made of plastic and the lettering was great.
positive,"so far they work well. seemed a bit big for the tires, but they are working and holding air."
positive,I used this to DIY grill wrap on a Honda Crosstour EXL 2014
positive,"Not many times when ordering a part for older vehicles can you count on getting what you wanted. This aftermarket part is quality, better than the original."
negative,"Finish is very good, fit was perfect and the sound is deep and throaty. Cons are that it's louder than I'd expected (quite loud, actually), and there's not stop tab for the centerstand, only for a side stand, really disappointed about that. They could have made it like the factory pipes with a little longer bracket there for the extra rubber bumper for a centerstand to hit. For the price, it seems it should have had that. I feel a bit cheated. Had to have a bracket fabricated to extend the centerstand stop to mate to where the side stand stop was and then remove the side stand. Had to chose one or the other and no changing tires with a side stand only."
positive,"Sold the car since, but worked and fit well when I installed it."
positive,"Nice BMW OEM item. Pretty good price. Will arrive rolled in a BMW box. Place on a flat surface (floor) with heavy books on the four corners, and the mat will lie flat within 24 hours. If you are fuzzy (and, if you own a BMW, you probably are), spills and dripping shopping/grocery bags will eventually stain the trunk carpet, which is not high quality and, thus, very difficult to clean, even if you can."
negative,"Good idea  but horrible execution, does not last  comes off in a month, waste of 25 bucks"
positive,"Smells awesome just wish it lasted longer, but pairing this with a spray air freshener will help it last longer and smell amazing."
positive,[[VIDEOID:14a4d0809edddb70e56ee18febafd03e]] This headlight bulb set is up to 400% brighter than normal halogen bulbs. It has low heat and high power. Very easy to install in under then 10 minutes. Its waterproof so it works through even rain or snow so you can drive no matter the weather. It has an aluminum alloy housing that keeps the bulb safe and lit. It has the perfect combination of high and low beams.
positive,Works like a champ. It gets hot if your tire is flat to the rim while pumping it up again.
negative,"total waste off money,using on 2014 amg rims  wont clean it ,even if i brush it, look for somethingelse"
positive,"I like that they are brand new and that the 2 emblems I received came earlier than I expected, Thank you so much. They look great on my Chevy Impala."
positive,Purchased these and the price was GREAT! Paid less than half the price of a single filter for this whole kit and it is exact fit and works perfect
positive,"My main regret for our home is the kitchen counters are way too small.  Part is in an almost accessible corner, (the stand mixer stays there between uses).  The counter on either side of the stove is only 14"" wide, and the remaining sections on either side of the sink is about 2 feet each.  We bought a cart for the microwave , but two people can just barely work together at the same time.<br />This covers the stove exactly, it simply lifts off if the stove is needed, and allows extra room for preparation."
negative,"I purchased this for a 2002 Mazda B2300 with 2.3L engine. This is the same as the 2001 - 2003 Ford Ranger with 2.3L engine. Item was 1/32"" too thick and would not fit. Tried sanding down the end to the correct size, but still could not get it in there properly. Hard to find the OEM part so I went with aftermarket and it didn't end well."
positive,Worked great replacing the rusted out one on my 99 f350 7.3 diesel superduty.!
negative,"DO NOT BUY this mat!!!!  The smell is beyond awful. I read a ton of reviews before purchasing this and knew that others had found the smell to be bad, but thought I could &#34;air it out&#34; before putting in my car. I let the mat &#34;air out&#34; for 4 weeks and the smell is SO TERRIBLE!! If it wasn't so bulky and hard to ship back, I would definitely return it. Instead, I just threw it in the trash. Save your money!!!"
negative,"the mirror is too small and, it's too hard to adjust for direction. I suspect it would break easily if I tried to move it too much."
negative,"I ordered these was told that they would fit my vehicle, but they did not."
positive,"I'd give it Five Stars, but I have only had it on one night.<br /><br />Put this in place of original harness/relay that came with an aftermarket (expensive) HID headlight set for a Ford F150.<br />The electronics on this HID aftermarket kitchen are so flaky, I've replaced the relay twice. If they get wet, they go bad, go figure.<br />Didn't the vendor anticipate this concept called RAIN ?!<br /><br />Well he wants to sell me a $30 relay and can ship it next week.<br />Can't wait that long.<br /><br />Instead I get this H13 OEM harness/relay from AMZN, 2 Day Prime.<br />Installed, worked perfectly. Duh.<br />This is for a 55W BiXenon HID pair.<br />Just plugged it into the ballasts from the other kit, power, ground, and connected the Hi Beam connector and voila, it works.<br />This kit controls the high beams for a BiXenon that uses the shutter to lift up and let the 'Hi Beam' out.<br />So we'll see what happens over time, and maybe I'll give it the other star.<br /><br />BTW, I tried to plug in the relay from this Kensum kit into the harness in the truck from the original harness that came with the headlights and things did not work. I am impressed that something didn't blow up. But just because my relay and the Kensun relay both have the same connector, does not mean they are electrically identical. They were not."
positive,This is a great sun shade!  It’s easy to use and fits my CR-V perfectly!  After a couple of times it’s easier to roll up. It keeps my car cool. I would recommend.
negative,Great quality but housings need to be deeper to accommodate LED's and HID's
positive,"A little flimsy to use, but what isn’t for these? I didn’t find a better substitute honestly."
positive,Got this for a friend who loves his Beemer! He also loves his hat!
negative,"Despite the listing promise that there would be &#34;error free&#34;, I most certainly got instrument cluster error messages when using them. Don't waste your time."
positive,Perfect fit for the Wrangler. I expect it to last a very long time.
positive,Very easy to install... just slip ring over plug and it just hangs there waiting until you need to slide the cover over the open end of the plug...it works!
positive,Got here when they said.  So far....so good.  I will be ordering more.Thank you
positive,"This is nice for when the top is off in the summer.  I put this on every night for my seats aren’t wet with dew in the morning,  The material was much better quality than I expected and the zipper makes it convenient access when I realize I left something I need in the Jeep.  Would recommend to a friend!!!"
positive,"I love these types of windshield shades, except for the PITA they are to put in and take out.  I can't seem but to hit my mirrors, hit my passenger, etc.  It works, but I wish I didn't need it."
negative,Product was a little difficult to fold back up but had to return it becuase it was too big for my windshield (even though it said it was compatible for my vehicle).
negative,"I've used Anco blades for many years, and it now appears that I've going to have to stop. Recently, these blades started streaking on the driver's side of my VW Jetta.  It's a bummer, because they're so much cheaper than OEM blades, and up until the past year worked wonderfully.  I'm not sure if the design as changed, or perhaps this recent purchase has a bad rubber compound."
positive,It was easy to install and seems more powerful than the original equipment.
positive,This bag holds a decent amount and fits well under the rear passenger seat in our Wrangler JL.  It will not fit under the drivers side.  Still looking for a bag to fit that.  Seems well made and includes a removable shoulder strap.  I’d buy a second one if I thought it would fit.
positive,nice and easy to use.  I use it on everything but glass.
positive,"But, Im not very happy that they have the Problem Solvers logo all over the covers. Be great if  there were an option to just get them plain or even have the logo smaller or only on one side of the covers.<br />Anyhow, they serve their purpose and actually look nice, considering<br />i think next time I'll just go with a regular shift boss cover and remove the plastic part and save $7."
positive,Can't bet the price if you need a coolant reservoir. Plastic seems sturdy and no leaks
negative,"Works ok, but don't expect much of an air flow, also if you mount your heater that uses this fan on the wall you will have to put blocks behind it or you will have no air flow at all because the blower opening will be flat against the wall."
positive,2004 Thor 231DT trailer and a 2007 36ft Providence diesel pusher motorhome.
positive,My main concern was whether it could be dimmed with a rheostat - it can.  No knowledge on the light's long term viability.
negative,I ordered four of these and only received two. I would like to replace them but it doesn’t give me an option as to why I am requesting replacement.
positive,One of the Few plugs with Quality control you will get good continuity for tip to tip.
positive,it looks real good on the side of my trail rated badge!!!
negative,they are not for 2009 gmc envoy not even close enough
positive,"Installed quickly and easily, one thing to note is that the seal (o-ring) isn't included. I re-used the old one with out a problem."
positive,"This is great! The skeleton pic is sealed in a clear, see through type of resin or polymer(?) attached to the bolt head! Not a cheesy stud with a sticker that will come off the first time you wash it. As well, the screw thread is timed just right to position the skeleton so that it's properly facing the rear, letting anyone looking from the rear know not to mess with your scooter!<br /><br />Finger tight gets it aligned all but 3/4 of the way for me. Take a pair of standard pliers, (NOT a pair of vice-grips or channel-locks), open them to the wide position and use the teeth meant to bite on something (the middle of the jaw, not the ends) to grab the head of the bolt hard enough it won't slip, but not so hard you bite into the knurled head damaging it. Grip it tight but ""DON'T SLIP""! Now turn it another 3/4 turn until it's lined up with the seat, the fender, and facing the rear. Trust me, it'll be torqued enough to stay in and not fall out. Done!<br /><br />Using the stock Harley seat-bolt in the rear fender should work as above, because it should be the one machined to fit one way in the hole/slot in the rear fender that keeps it from turning while tightening. If it doesn't line up properly, look to see how much farther it needs to turn and which way to line up the skeleton properly. Then unscrew it making sure to keep the nut in it's current position and not let it fall to the floor by reaching up under the fender to hold it in place while unscrewing. ""This is important"".<br /><br />Once it's unscrewed, lower the nut just a little being careful to hold it's position. ""Don't turn it"" and lose the position it was in. Now turn the nut left or right ""only as far as needed"" so the skeleton will be lined up when tightened down.<br /><br />Hold it there and re-tighten the seat-bolt, keeping the nut in said position. This is what's called ""timing the threads"" so that the head of the seat-bolt is lined up when tightened down so the skeleton faces the rear. Enjoy!!!"
positive,"Easy to put on and looks so cute.  My windows are tinted, but you can still see it.  I would recommend."
positive,"If you’ve ever had to drive from gas station to gas station just to find an air station that works and when you finally do, hang around waiting for someone else to finish using it,  then you can use one of these.<br /><br />This plugs into the cigarette lighter adaptor in your car and inflates tires up to 150 psi.<br /><br />I have a slow leak and this has changed the game! I should fix the tire but in the meantime, no more hunting for a working machine, or parking, going inside to ask them to turn on the free air, or if it’s not free, hoping the machine takes a card because I have no change.<br /><br />Not just for cars it comes with attachments for pool toys, bikes, balls that are stored on the device along with different modes for each type of item, I just use the manual mode though, and also has a stow away compartment for a bike tire attachment and for the lower cable itself. All packaged in a neat little carrying case that can sit in your trunk.<br /><br />This is one of the best car accessories ever made IMHO."
positive,"Looks great, fit the hitch receiver properly.  Only issue was that while the included receiver pin fit properly, the hitch pin holes on one side were slightly smaller than my receiver lock;.  Fortunately I could grind down the receiver lock ever so slightly, so it fit properly."
positive,"One of the best products I've purchased simply because it performs the exact way as described. Ease of use and indicators communicating the process were perfect. Quick and exact reports sent via email for future reference by the car owner is definitely a bonus. I highly recommend this small but perfect device for anyone who wants to know what the experts see and have piece-of-mind that they professional is relaying the correct information to you, the car owner."
negative,Had this starter for less than 2 years and only taken out around 4 times with starts in between.  Motor is completely rusted out.  There is no way this is a marine grade starter.  I usually like Sierra parts but the starter is obviously rebranded as marine but is not an actual marine starter.  Yes I know marine grade has to do more with no sparks in the engine compartment but it is also supposed to be sealed and this motor is not sealed.  When it worked it worked well.  But two years is unacceptable for a $200.00+ starter that is supposed to be sealed against corrosion like this.
positive,replaced the old with the new and worked perfect. There is however light bleed through and its bugging the heck out of me.
negative,Doesn't work for Acura TL Shawd like it said it would
negative,These are not a big or cushy as I thought they would be and there is not way to hook them on so they stay put.
positive,"Works like a charm on 2005 Excursion.  Solved my flasher relay clicking 24/7.<br /><br />The only difference i notice from the original switch is that it doesn't click as loudly when I move the lever or when the lever returns to its home.<br /><br />There are three Phillips screws on the bottom of the column and two torx bolts that hold the switch in place. Unplug two connectors and revesse process. Takes about ten minutes being very careful. That's it. The dealership charges between 350 and 400 for the part plus over an our of labor.  This is why dealerships are called ""stealerships""  by some.<br /><br />Do it yourself. Spend the rest on something for your family."
positive,"I've used this 3M Spray Lubricant mainly on the garage door for our condo compex and on hinges of indoor doors.  It's very easy to use.  The small extension tube helped me pinpoint the area that I wanted to lubricate with no mess at all.  My brother used it on his bike and prefers it to WD40.<br /><br />I hadn't noticed a strong smell, but it's important to wash your hands and clothes immediately after using the spray lubricant for health reasons."
negative,Don't waste your money. Did absolutely nothing for the slightest dent.
negative,"I'm sure that this decal might have been great, seemed like a good idea and deal but unfortunately I never received it from the seller. Only a refund for purchasing it. So this isn't a obscene or profound of hate comment as Amazon is putting it. It is a negative comment because the seller doesn't do as advertised through Amazon. Wouldn't purchase again"
negative,"Love the look and will keep it on my F450, but if you load your cargo bed at night you might pass on this unit.  Not much light when illuminated.  Cool yes, functional, not really!"
positive,"Just what I wanted, easily installed, but the plastic endcaps were all cracked and broken.  They still went on the exposed ends, but all were not in new condition.  Each of the 4 endcaps were cracked in some location."
positive,"Great Value for the money! We packed this thing to the point we were nervous it was going to bust. It did NOT. We took a 7 hour roadtrip roundtrip, got back, hosed it off (bugs) folded it up and put it back in its nifty little bag. We only have roof bars going the length of the car and it stayed in place on its non skid mat that came with it with no problem at all."
positive,"I used the Liqui Moly 2037 Pro-Line Engine Flush before flushing the old oil.<br /><br />This Saturn is an old car I got from a friend.  Before the oil change, if I drove it past 70 mph, I could notice the car started to feel heavy, the performance dropped.  After the Engine Flush and the Anti-Friction Oil Treatment, I could go 75-80 mph or beyond without even noticing any performance degradation (on freeway flat surface).  Great stuff.<br /><br />I don't notice any significant difference in the MPG.  So if you are thinking this could save on MPG, my experience doesn't say so."
positive,This fits my 2016 Murano like a glove!  My husband bought this for me because my 2006 murano had a cargo liner from Nissan and I loved it.  While it wasn't &#34;pretty&#34; it was easy to clean and kept the back of my car clean.  This husky liner is still &#34;pretty&#34; and fits perfectly! I am so happy with it!
positive,Heavy duty and looks well on my truck.<br />2016 Silverado 2500<br />Many complements 😊
positive,A cap full to 5 gallons works great. I've always been a car wash soap waster because I never felt it was enough. This stuff is excellent. Be sure to shake the bottle thoroughly prior to use as it will separate when it sits.
positive,"Nice light weight yet sturdy helmet.. Fits great.. Perfect replacement for my half now that the cold weather is here in ""Joisey"".... A plus"
positive,Not to big not to small works fine on my Jeep.
positive,"100% Genuine steering fluid at a cheap price in a bundle, you cannot go wrong with this! I’m pretty sure the stealership would charge an arm and a leg for 1 bottle. Came extremely quick, no damage, highly recommend. Plus you shouldn’t be putting any other liquid inside a Honda vehicle."
positive,"Like it. Works for what I needed Compact. Meant for detailing little nooks, crumbs on the floor, or upholstery which drive me crazy. Good for small lightweight jobs.  Obviously not designed for heavy cleaning. For those I use my shop vac. But sometimes it’s a pain to pull out the big shop vac just for a bit of maintenance cleaning. I like it. Works for me."
positive,"We a family of 5 used this to go tent camping and it helped so much! It held all of our bags, sleeping bags, a table, air mattressses, blankets and folding chairs.  It’s very easy to install and tie down! Buy it!"
negative,Put these on a year ago - now they have corroded themselves onto the valve stem and cannot be removed without possibly damaging the valve stem.  Would not recommend.
negative,Even took this to a professional and could not be programmed
positive,Easy to install.  No tape so they will never come unfastened.  They look and perform exceptionally.  Highly recommend.
negative,Really disappointed. No release agent in the kit so the glue stuck to the vehicle. Directions said use rubbing alcohol and the scraper. Scraper is too cheap and soft. Uneven edges. I have multiple glue spots all over my car and I spent 20 minutes trying to scrape it off. It looks so much worse now! I had to scrape so hard and for so long that the dents pushed back in. (They had not pulled out that much.) Dint bridge didn’t do the job. Instructions are a joke. Lots of pieces in the kit but no instructions on what to do with the majority of the parts. Overpriced for cheap stuff and made the damage worse.
positive,"I was looking forward to having one less key jingling on my ring but finding a place to cut the key itself has proven difficult. The FOB works great and the release for the key works great, but it's just an extra brick on the ring without being able to actually use the key."
positive,"Fits perfectly!! Covers the light bar, so I don't worry as much about rocks and road debris hitting and breaking the lights!!"
negative,Was Absolutely Garbage. I cannot say how disappointing this product was. First: The “Leather Fuller” was really bad glue they did not take in Dye. Second: “The Dye” goes on like paint and shows every brush mark and drys like paint with odor and inflexibility. This stuff is trash. Do not buy it will not help you fix anything but lighten your wallet. Instead buy some e3000 glue for the patch or repair and some quality professional leather dye. Which is cheaper and better in every way.
positive,easy to use and worked great for the little bullseye crack that I had in my windshield
negative,"highly flammable per the instructions, smells for days, and DO NOT GET ON PAINT, as it is a bear to remove without damage to the paint.<br />looks ok when<br /> applied to exterior black trim, but clearly not worth the danger again oer their instructions<br />BUYER BEWARE"
negative,"Hi, I bought the stuff because I like what I read about it. It worked pretty good. In the box I got a coupon saying, if I promoted it on Facebook and sent them an email showing them I did this they would send me a free product. Well I did what they asked me to do and I got nothing in return. I tried contacting the company I don’t think they exist anymore. For that reason alone I do not recommend the stuff."
positive,"Have used it to premix in a mazda RX8 for years.  Legendary Racing Beat recommends it, so it must work well for rotary engines.<br /><br />Of course, the only way to know if a premix works well in a rotary engine is through a full engine tear down.  This allows you to see the wear patterns of the apex seals, from which you can determine if the premix is really doing anything worthwhile.  But premixing doesn't really hurt anything - as long as you are using the right amounts...so why not use it as secondary insurance?<br /><br />Another note...Royal Purple is one of the few (if not the only one) premix I've found that claims to be completely ashless.  To me, that alone justifies the rather expensive price of the oil."
negative,"I just received, and will comment later on overall quality and method of functioning. I first noticed the alarm is very loud and sounds adjust accordingly. Problem is it is near impossible to unscrew the back of alarm to replace batteries. It comes with a mini screwdriver that does not work, and strips the screw head."
positive,This was the best leather conditioner I have ever used. It renewed my leather couches and made them look like new. I will never use any other conditioner in the future.
positive,This strap made for an easy lift.  Golf cart batteries are heave and hard to handle.  This strap hooked the and held on to lift it out.
positive,"Works fine,  they need to be smaller diameter to fit into modern vehicles  ! Will not , P.I.T.A. - Automatic shut-off is pretty useless when you need to stand there and hold it because it doesn't fit in the filler tube inlet !!! -  but it works"
positive,"I have had these on my xterra for about 5000 miles.  No issues.  The ride improved (not as bouncy) but there definitely not too stiff.  I guess time will tell, but seem OK from here."
positive,The oil-change place tried to charge me $40 for a cabin air filter. I did some research. This one had great reviews and they were correct. The installation took about 2 minutes for less than 1/4 of the price quoted during my oil change. The scent is nice as well--very subtle but keeps the AC smelling fresh.
positive,"My engine was idling high and my acceleration was sluggish.  Granted, my truck is over 30 years old.  I swapped my spark plugs and wire harness and it helped both issues.  This was a direct fit on my truck and looks great under the hood.  The harness has plenty of length to get from the distributor to the spark plugs without problem.  It is made out of strong, thick rubber coated wiring that holds its shape and can stand up to the heat coming off the engine.  My idle has stopped revving and my acceleration has become more responsive.  An easy, affordable upgrade for my truck that anyone can do on their own vehicle."
negative,Somewhat disappointed and have not even installed it yet.<br />First the wires are extremely small will have to splice all four wires to be able to make it work and the hole for the screw that holds the dial to its base was too small I had to drill it to fit the provided screw. I will add that you get what you pay. I have bought another tachometer from sunpro I believe and it was a totally different experience. It was a bit more expensive but I did not have to get extra parts to make it work. This one I will also need a spade connector to connect to the distributor.
negative,"I installed this feb 2020, now feb 2023 the wires are so brittle they are breaking.  I tried to remove the insulation on the wires to soldier the break and the wires are too brittle and just break.  The actual copper inside must be like 28g, it’s tiny tiny tiny.  Buy something with thicker actual wire, not just insulation.  I now have to rewire my trailer with something better."
positive,Perfect replacement for cracked reflector. I combined this with a uTube video and did the install myself. 🙂 Excellent overall experience.
positive,"It does appear confusing to first installing this.  But after it is done, it makes sense.  You would think by now all major auto manufacturers would have this as a standard item.  I am very happy with this, it does make a huge difference.  Just buy it, it makes things a lot easier."
positive,"Compact size so it is not obtrusive in the home.<br />My husband tested this box to see if it works as a faraday box should, and it does!<br />Pretty cool.<br />The lock is difficult to open, so we learned that we don’t have to actually close the lock all the way for it to be affective."
positive,Sturdy and just right for my car I bought it to store all of my hubby's baseball caps he's leave in back seat . It's suppose to be a car garbage can but my use for it was perfect great buy
positive,"Easy change out (3 screws and a plug). It runs smooth and quiet. Lowest price, too."
positive,"Have used this product every 2 months for 18 years / 278K miles on my SUV's leather seats.  The seats still look brand new, like the day I picked up the SUV from the dealership.  The driver seat leather has some creases from my behind, but has no wear and tear.  It's my commute vehicle so I rarely have passengers.  Highly recommended."
negative,More sides is not better. Found that out the hard way
positive,These look awesome! They were a little pain to install because of the car design.
positive,"I recently purchased a 2013 Durango and wanted a hitch on it.  The available towing package cost $895 and I didn't really feel like spending that much since I don't actually intend to tow anything, I just wanted to be able to mount a hitch-mounted bike rack.  I found this and decided to give it a shot.  I do alot of do-it-yourself stuff around my house but almost never on cars so this was a bit of a risk.  The installation couldn't be easier.  The only things in the box are the instructions and the hitch; there is no hardware at all.  The hitch mounts using four bolts already in place on the vehicle (as best I can tell they are part of the attachement of the rear bumper to the frame).  The instructions are all of four steps long and steps one and four aren't necessary.  It says to lower the spare tire (step 1) but I found I had enough room with it still in place (so step 4; &#34;replace the spare tire&#34; became unnecessary as well).  You just take the bolts out, raise the hitch in place and put the bolts back in.  It took less than 20 minutes.  The only problem I ran into was trying to remove the bolts with a standard socket wrench; they were in much to tightly and I ended up using a 17 inch breaker bar with a 13/16&#34; socket attached to generate enough torque to loosen (and retighten) the bolts.  I suspect a long-handled socket wrench would work fine as well.  The tongue rating is 600lbs and the gross trailer weight rating is 7500 lbs so it should be able to handle some reasonably heavy towing, but I think if that's your plan, you might want to consider getting the tow package from Dodge; using this hitch won't provide you with all of the other stuff in the package (more powerful alternator, wiring harness for the trailer, full-sized spare, increased engine cooling), on the other hand if you only plan on light towing or using it for hitch-mounted accessories, this is a huge cost-saver."
negative,"The good:<br />As described, seems to be a good price.<br />Easy to install: I’m a 24 year old female with little to no experience in cars, and managed this.<br /><br />The bad:<br />Glass seems flimsy, can’t withstand small rocks/ debris flying at it. Confirmed suspicions when at some point within a month of installation, one of them shattered and again needs replacing.<br /><br />Bottom line:<br />If you’re selling your car next week and want to spruce it up real quick, this is for you. If you have some sort of film you can put on the glass to prevent it from shattering, apply that, and send me one too for next time. :)"
positive,Very bright daytime running lights and I had no issues with hyperflash or error codes in my vehicle.  The lights work both in daytime running mode and high beam without issues.  They really give my 2011 Lexus GS350 a nice clean look.
positive,Noticeable and improved night light for my Prius. The regular headlamps from the Prius are very bad but after replace them with the Phillips ultra I'm getting better night time driving.  I'm just concern about how long it will last.
positive,"[[VIDEOID:9bd4e9865c693399e30bd011027f4c00]] Bought these after going to a shop who said 200$ for a bulb replacement. It took 10mins to install, these are MUCH brighter than my factory stock lights, i can see CLEARLY and everything is bright as day now!"
negative,Bought two pairs for the coast. Ordered small for both 6 and 9 year olds.  They were both larger and loose on my kids. Both pants ripped at the seems between the legs from belly to back after 1 hour walking on the beach. Had to duck tape back together for the rest of our weekend trip. Didn't expect to last long at the price but hoped for at least 3 days use. They are light and water proof.
positive,I bought this because it was recommended by the Chemical Guy on Youtube as a pre-wax method of removing particles in the paint.  I didn't believe it at first until I tried the plastic bag test!  Wow what a difference!  After using this stuff the wax after application and wipe down actually makes the paint look better.<br /><br />Do not drop this!  If you do just throw it away!
positive,"It was a little hard to put it on to begin with, but it goes on after a little stretching. It is really cute and looks really good on my jeep!!"
positive,Nice quality.  Very noticeable from afar.  Keeps rust off the hitch.
positive,"I only bought the ""smart"" version because it qualified for a rebate but since there is no app to use with it, it might as well be a dumb unit. I know that it can supposedly be controlled with other apps, but I haven't really found a clear list of which apps work, most of the ones I have found appear to be for commercial use, not personal use, so I find that very frustrating. I hope they will create a proprietary app soon, otherwise, the smart features are useless.<br /><br />The unit itself is a great little unit, I really like it and I am glad that I picked it vs other options. It was easy to mount, the quality is obvious, and the cord is easy to use (my old unit that burned out was way too thick and impossible to maneuver). If you don't care about the smart features and don't need a specific unit for a rebate, I recommend the dumb one, but this one is a great option."
positive,works very well i like being ably to set it for the pressure  i need and then when it reaches it....  it stops no more guessing
positive,I ordered this for my Kia Sorento.  It fits nice and looks great!
positive,"Took a little effort to move wiring,  but definitely better than acid battery."
positive,My son got these for his 2000 F250. They look really nice! Good buy.
positive,"I bought these to replace the lights in my trailer. Everybody says they are better for the batterie and they don’t get as hot as the regular ones. Also I wanted to have a more white light rather than the yellow that the regular ones had. They are very easy and fast to install. I gave it 4 stars because they are not as bright as I thought they would be but that could be my fault in maybe not getting the correct lumes or what ever you call the brightness of them. And I don’t think they are more of a white light either, But that could also just be because i didn’t get the right ones. Some of them do seem to get a little hot. Overall I am happy with them."
positive,30 for 16$?  That’s awesome!!!!! Good price! The size is just right for everyday use!!! Love the quality 🤩
positive,Exact fit and came with new nuts and bolts.  Fast/safe delivery and ready to go out of the box.
negative,"These would be great fishing anchors.<br />Installed them, they produce zero spark. One of the damaged 46 year old coils they are replacing still sparks merrily along.<br /><br />I'm going to try replacing the plug caps with NGK ones I have, either way they have been nothing but trouble. I don't understand how everyone else seems to have positive reviews."
positive,"These fit my 2001 Ultra Classic perfectly. Were easy to install and really add a nice look to the dash. Just installed a few days ago and really pressed and repressed many times to make sure they hopefully stick. I gave adhesion a 3 star as I just don't know at this time if the double faced tape will hold with the vibration? if it does not work, plan B will be some small dots of epoxy.  Great look for not a bad price."
positive,These have kept me from the frustration of dropping and losing thing between seat! They are worth getting and would be a great gift!
positive,Its a Light it is a Turn signal It fits my truck and was reasonably price. Four More Words Required.
positive,"It did what it was supposed to and allowed me to easily code my BMW to fix error codes and also to reprogram some of the more annoying ""features"" that BMW insists on incorporating into the car.  Also allowed me to activate the Enhanced Bluetooth Audio, which was an unexpected bonus.  May try it on some of my other cars as well if I ever need to clear codes."
negative,Get a can of spray paint and save your money<br />  Very cheap made !!
positive,I have a leather couch and animals. I started getting scratch marks. This product was easy to use and really worked.
positive,Simple set up and lays out nicely. The best part is my Yeti 20 oz insulated coffee mug fit on the sides pockets. I was also able to get a square Kleenex box in the big pocket on top. Hold pump hand sanitizer and masks for easy access and use.
positive,i can’t stop getting compliments on this bumper sticker. looks great on my 1998 saturn s series
positive,"I swear by these mats.  If you have kids, they are great as to keeping the carpet looking great!  Also they are made in the USA."
positive,"My boys are 3 and 6 and love playing with this, bought the hammer as well and made them a red cape to go along with it.  Love hearing them play and use their imaginations."
positive,"Doesn't fit my steering wheel I waisted my money, I do not trust these people product, I'm not happy at all."
positive,Well it was just a stocking stuffers for my wife. To my surprise she really liked it. In fact bher friends are jealous and started looking for one for their fobs.
negative,I returned this item. The ball joint is not even a Moog.
positive,Exactly what I needed for the Driver Side fender well of my 2013 Altima
positive,"This is a great 100% Genuine Toyota truck bed mat. I just bought a new 2017 Toyota Tacoma and this is the first thing I bought to keep my truck bed in a top shape. This mat does make my truck bed looking good. In addition to its aesthetic appearance, it also protects my truck bed from any scratches or dings. It definitely helps my Taco maintain its awesome value. For those who just bought a new Taco, this is a definitely a great investment."
positive,"Why would anyone use anything else?  I've used this on lawn tractors (mine, a neighbor's, my mother-in-law's), 4 wheelers and passenger tires, and it's worked quickly and effectively each and every time.  If you've ever used that ""spray can"" flat fixer, you may be skeptical.  Kick the can and make the switch."
positive,I used this on my pulley clothesline and it works perfect. I only hope that over time it will hold up under the varying outdoor temps and conditions.
positive,"The jack stands will work as advertised, however, they arrived with numerous gouges in the steel and paint.  Cosmetically, they are one star, however, its a jack stand and bound to get damaged anyway."
negative,Not as nice as I thought they’d be. The sticky tape it comes with is strong but no way I’d use it on leather.  Guess I’ll add material to the outer sides to make them look nicer.
positive,"I have been making things frustrating forgetting to carry my sunglasses with me to and from the car. We have spots in the car to keep sunglasses, but they’re full these days and... so when I saw this case, decided to grab it. In general it’s a great, helpful item to have. But it’s not perfect.<br /><br />1. It arrives in a nice box, wrapped, and ready to go.<br />2. It’s easy to put in. There is the clip on the back - just slide it on.<br />3. It looks nice - a black faux leather kind of look and softer inside.<br />4. I tried a few different types and begins of sunglasses - some work, some do not. I can easily get the aviator style in, the ones with metal frames, but plastic frames that more wrap were all too big and did not fit. I tried pulling it further open, but was unable to get it to the point where they would go in well.<br />5. It sits on the outside or underside of the visor - on your side, not the roof side.<br />6. When the visor is up in front of you I do see it, but it’s not bothersome and within the first 10 or 15 minutes I forgot it was there and wasn’t “seeing it’ any longer.<br />7. When the visor is out - extended towards the window - it fits - in our Prius - fine, not holding the visor any lower than normal.<br /><br />Overall this is a nice holder and works fine. I do think one needs to consider 1. the kind of sunglasses and 2. how it’ll fit on the visor - 1. for protecting the glasses and 2. for safety in viewing. Beyond that, it seems well made and like it’ll last. I’m happy with this sunglasses case."
positive,small thin and powerful. you can use for push or pull
positive,"My review is relevant to a 2017 Dodge Ram Crew with the 6'4&#34; bed.<br /><br />Package arrived undamaged and a day early (on Labor Day)<br /><br />Very easy to assemble and install - I have a spray in bedliner and the dimples to drill the holes were already there so no need for a punch.<br /><br />The only reason I am not giving 5 stars is that the curved rails were not thought out enough.  If they would have designed it with less of a radius, it would have cleared 4X8 sheets of ply and drywall (this is why I bought it).  So if you are buying in hopes of carrying 4x8 materials in your 6' bed, it won't work.  I skimmed so many reviews looking for the answer, couldn't find it, so I went ahead and purchased."
positive,Heavy Metal Solid Piece. Easy to install.<br />FYI- The eyes don’t light up it’s only the glow if any from your starters button.
positive,Installed on an 87 Jeep 2.5L couple months ago. No issues.
positive,I have this for 2 months. It works pretty well for its cheap price. no complaint so far.
positive,"Don't want my BT dongle to wear out, so I bought this. Seems well made so I think it will do the job I intend it to do."
positive,"Pretty straight forward replacement, plenty of videos online on how to replace, make sure you mark at least 3 references to align it back up as the installation tool is garbage, tools you'll need a marker, a 5.5mm and a 10mm possibly a step ladder and flashlight. If you have a chirp when your 3.0 kicks down to idle and its not a belt; sounds like its coming from the bellhousing but higher - this is your fix."
positive,Amazing transformation! Looks like a new car and the lights work great.
positive,I should have bought this years ago.  Its amazing.  I cannot add to what other have said because it just works and it quality made and seems like it will last for years.  Ive been using mine for several months now on a few truck batteries and it generally stays connected to my motorcycle when im not using it somewhere else.
negative,The product came with no instructions.  The items were folded in the package leaving creases and marks in the leather. Would not buy again
positive,Did what it was supposed to do used it on my 2001 F250
positive,My Track Tacoma look like new I am really like this one product
positive,"All of the stitch-up wheel covers are a long, tedious pain in the arse to install, that's just the nature of them. But WELL worth the time to do it right. They sometimes feel like they're too small to fit over a wheel (I've installed two of these now, both were a fight to get them over the circumference, but once on and stitched, you know why it's tight to get over the wheel in the first place. Oh, use the baseball stitch (two-needles, crossing, look up on U-tube), it's even more of a PITA to do, but worth it when finished."
negative,The thing doesn't stay tight. No matter what I did I have to tighten it after every drive... Till it gave up and the threads gave up... No good!
negative,"Never believe the ""universal fit"" propaganda. I have one for my Ford Explorer and it fits most of the windshield. There is a two inch gap on each side of the umbrella.<br /><br />I also bought one for my wife's car, a Mazda 6. It broke the first time she opened it."
positive,Use this product on all my leather sheaths for my knifes and leather boots. It’s actually really satisfying once you put it on leather and see how much it absorbs and brings leather back from Tearing to pieces
positive,I  used a two bulbs to replace the burned out  bulbs in the exterior street address sign on the house.  Keeps it lighted all night.
positive,If you have a car with a coating that repels water just one of these will be plenty to dry your car. If you have no protection on your car you'll be able to get through drying it with two of these. They're decent sized and do a great job. This was the first time I had purchased a dedicated microfiber drying towel and I'm very satisfied with it.
positive,"Lube the keys BEFORE you break them in, clean and relive.<br />200 A no arc! I won't try higher without barrier ( under construction now) before final assembly.<br />I will go positive side: inside!<br />1. Nice and dry.<br />2. Nice and concealed!<br />3. Nice branch for battery bank (2 12 VDC  100 AH AGM's with a bus fuse to the negative.)<br /><br />I CAN CHARGE:  One ! One and two!  One two three or drain the same way.<br /><br />Two important things to remember:<br />Charge number one first!<br />Don't forget the switches!<br />( $2.00 Chinese voltmeters above the bank will tell you : on ~off~~voltage<br />Or bad news?<br />I prefer the individual mount meters with a :&#34; pocket cigarette plug have only&#34;<br />With one isolated in the truck and the portable in your pocket: you can go anywhere.<br /><br />After I get my : PHD in electronics, I'll be able to tell you about those radio sensor's and if they are any good/worth the $$$$.<br />My vehicle gages and computer tell me enough but that little : &#34; postage stamp&#34; voltmeter tells me if I can: start~forgot the switch or just distract me to stop more often to check ALL the meters and if needed get out the multi meter to find an occasional vampire or gremlin.<br /><br />Good secondary switch for the trailer, second truck battery or garage charging station!<br /><br />I got 2 then 2 more!😀<br />Love the brass lugs and something I can tighten and get GOOD contact, don't forget the lube/conductive preparation: that you can get at occasionally.<br /><br />P. S. ( If you're considering a bank set up get a ROLL of #6 or #4 with Tim & terminators. Heat shrink tubing : if your religion allows it? I use peel & wrap ( easier to inspect & rewrap?)"
positive,This is my second California duster I’ve purchased and I love them so much. You can never go wrong
positive,"$80.00+at autozone vs $30.99 at Amazon, you choose, so far so good, they are performing as it should be, high in quality but easy on the wallet, I'll update this review later on and only if needed."
negative,"This is an inexpensive way to brighten up an old 1998 Toyota Corella. Even though I was not very satisfied with the lighting quality of the product, it did work and was brighter than the old foggy headlights. I guess because this product is quite inexpensive, some problems are expected. (1) The metal clips that came with the new headlights easily slipped out, especially the clip on the top, and the headlights could not be securely tightened; this happened to both left and right headlights, and I ended up re-using the clips from the old headlight; the clips from the old Toyota headlights were designed not to slip out. (2) Beam angle adjustment was difficult, as the plastic screws were very hard or impossible to turn, maybe because the plastic is not hard enough. (3) The headlight beams were poorly focused; in the pair I got, both left and right headlights were poorly focused, so it seems to be caused by the basic design of the reflectors inside the headlights. Instead of a continuous lighted region, the light beam is splintered as shown in the photos. I give this product 3 stars because it is inexpensive and sort of works, but the light beam focus is not very good."
negative,"I bought this to do a 3-step wax on my car, and though it did a great job, I think this is more meant for someone who is detailing 3-4 cars a week. I also noticed that even trying to be extremely careful upon startup, this thing has a really wide startup rotation that flings wax or polish all over the place. And yes, that was with the pad against the car surface before turning it on. 3 months after my intensive wax job, I am still finding flecks of wax and sealant on random parts of my car."
positive,"Love that this kit includes the trunk and drink seals and not just the door ones. I had bought another kit that only gave the doors, and it didn't solve my problems in the way that this did. Great product."
positive,Nice belt great quality. would recommend to anyone. super happy with this brand as i have used them for years
positive,"New Denali 2020<br />It fit perfect, looked great, and all my RV friends recommended the MX4 for 5th wheel towing. Easy to get to all the bed of truck<br />Love it"
positive,This brake kit seemed to be of very good quality. It had what I needed and everything fit into place as it should. I would recommend and would buy again.
positive,"The material of this bag is thick and sturdy, and the zipper is well sewn. Saying the bag is roomy is an understatement. On the inside, there are pockets galore to hold wrenches, screwdrivers, or any other tools you may need for a roadside emergency. There's a pocket on the outside plenty big enough for a pair of gloves. The attached ring makes it convenient for hanging. It's a good value."
positive,A very good wax!  Goes on easy and comes off easy with little dust.  Use on all my 6 cars from classic to modern.  Shine lasts several months.
positive,"The vent visors fit perfect, I purchased this set for protection from the rain entering the car. Before everyone it rained and in roll down the drivers window rain would drip into the car. So I bought this set to eliminate the rain, well almost but it does make it dryer than not having it on. It was easy to install and car washes do not hurt or damage the seal. It's also a great sun shade. I really like this product, and as I wrote, it was very easy to install and the hold is tight."
positive,Dad put it in his old malibu and it works well for him.
positive,"I like the price, and I like the feeling of safety that I have from keeping it in the glovebox. It is very lightweight, which concerns me a little--would it really work in an emergency situation? Hopefully I never get the opportunity to find out, but I will keep it in the car just in case!"
positive,We have a 2012 Hideout and our original door cam when bad. This was very easy to replace and it works perfectly.
positive,"There is a trick to putting these on. Get someone to do it for you!<br />Well, leverage is the trick, but caution is needed to prevent damage to the steering wheel.<br />This, however, is true of every cover I have ever seen.<br /><br />Once installed it is very comfortable to use and prevents your hand from welding itself to your steering wheel on hot days."
positive,"Great replacement AC Accumulator Low Pressure switch harness. I had an AC system on my 98 SIlverado that was cycling on and off, but recently mostly off. This can be caused by low freon and/or a low pressure switch. I had an AC shop top off my freon but didn't fix the clutch cycling issue. The AC switch and harness wire are the next probable causes. The AC Low pressure switch removes easily and seals itself when removed. Cut the original two wires, use two butt connectors or solder this harness in and plug it into a new Pressure switch and this fixed my AC cycling problems. Now nice cold air! :)"
positive,"Have been through several different chargers, so far so good! Good value for the $$ if it holds up"
positive,It's a must have for break jobs if you don't have a sand blaster. So I bought both sizes. Love them.
positive,"This is my favorite hoodie! It is beautiful and the fabric is quality. A friend accidentally touched the sleeve with the hot ash of her cigarette... I was upset, til I noticed, it didnt leave a mark! Any other sweat jacket would have had a hole in it... I call it my ""armour"" now!"
positive,Absolutely first class. NO drilling. You need one 13mm socket and about an hour. One person can install easy. Strong...and very nice looking. I have had pickups my entire life....running boards were always a pain to install and take care of. The Best!
positive,"It's excellent, My car looks beautiful and  that is I like it"
positive,"Work great, keeps 11 y/o snow blower going on 1st or 2nd pull"
negative,Used it all and it made no difference.  Would not order again.
positive,"I ordered this for our upcoming car trip, and it’s ideal for our purposes. While the main compartment functions well as a garbage can, having an easy-access top and a waterproof liner, we’re using it to store binoculars, charging cords, and a couple other small items we want to have at the ready. The side pockets hold water bottles or travel coffee mugs, and the tissue dispenser works well for either a box of tissues or a packet of wet wipes.<br />Very happy with this purchase, it will help keep us organized on our long car tips!"
positive,"I forgot to review this steering wheel cover when I first got it. But just the other day I happened to reach for my steering wheel and was still so nicely surprised with how good this cover feels, that here I am 3 years later writing a review.<br /><br />I bought this cover when my car was just months old to me. I liked my new car, but the steering wheel was really lacking and honestly didn't make me feel like I had control over my car at all times, so I just didn't feel safe. I have a small SUV and the steering wheel just made my car feel even smaller.  I didn't know what to expect when I purchased this steering cover, but almost as soon as I put the cover on, it transformed my entire driving experience in this car. I like driving my car and this cover is a large part of making driving enjoyable for me. I don't have really large hands, but before the steering wheel felt small. Now I have something to hold onto when I'm making turns or maneuvering my car and I feel tons safer.<br /><br />This picture was taken 2 days ago, three years after buying and installing it. It's still vibrant, shows no signs of cracking or wear, and although it was a pretty tight fit when I originally put it on, I'm glad that it was, because it means that there's not movement when I drive.<br /><br />I feel like my review is all over the place with effusiveness, but in short, it's great, especially for the price, and I'd buy it again today (if I needed one)."
positive,"Haven;t used it much yet, but in tests it worked quite well and as advertised. Storing it in the Jeep as a way to air up after crawling off road. I am happy with the quality and output of the pump."
negative,I used it on a motorcycle windshield. It did not remove scratches very well. I used it on a microwave front panel and the results were similar. Better than it was but not great.
positive,"I misread the description of this lamp, I thought it was going to be a single line bulb, but this one has 3 different segments that draw the line, it’s hard to explain, but when we mounted it to the forklift and calibrated it so that as the forklift is about to drive up to a row of shelves this light is drawing out its path in front of it.  With this light I dont think there is a way that you could run into the forklift unless your eyes were closed.  We are getting another one of these bulbs for the other side of the forklift to really protect everyone."
positive,Easy installation and works like a charm. An expensive fix for what could have been terrible.
negative,Didn't fit/contour the best during install.<br /><br />Poor quality and broke after driving in snow one time. See pictures.
negative,"Cost is good for what you get. The directions are a copy of a copy of China to English translation. This is a nice setup if it is used on a farm or personal use,  but not for a mechanic working his tools every day.<br /><br />Your opinions may differ.<br /><br />Good luck"
positive,[[VIDEOID:d25e02e9e154bf10eb57ef492a4213cf]] Nice hose bag<br /><br />It has a spot for everything !  My neighbor has a RV and he loved this.  Helps keep all his stuff much more organized and clean.
negative,"Echoing what the other guys here have said. There is an interference problem with the wingnuts when tightening, and the bolts are not J shaped which makes them a challenge.<br /><br />However... It is made of metal... and with a little modification works well."
positive,"It fitted nice in my type-r Honeycomb grille, I just purchased the emblem too , is on the way"
negative,"Bought two of them.  The snaps bend and fall off. Once the two parts of the snap come apart they're never going back together tight enough to not pry apart when unbuttoning them from a helmet.  Cheaply fabricated button snaps ruin this product as does the rattling of the shield against the helmet.  I've purchased little rubber feet to put inside the shield to rest against the helmet but it loses the some appeal with to little nubs sitting in your helmet, and it's a clear design flaw.  Make a little rubber trim or something and the problem would go away.<br /><br />In summary more quality hard metal snaps, and a little bumper on each side of the shield might bring the cost up $2-4 a helmet but it would be well worth it.  Not buying anymore of these shoddy shields."
positive,I'm totally happy with this item and how it works.  That part is worth 5 stars.  It looks and feels good.<br /><br />What I wish I realized before buying is there are no included instructions and to get the electronics out of your existing prius key you need to carefully pry it apart so it it doesn't damage the circuit board.  I found that starting to pry it open where the metal key normally lives was a good option (no electronics there to break.
positive,It worked really well. It did the job without messing up my dash. I use them for removing my truck dash.
negative,"Will not work with Ford vehicles because keys need to have computer chip. No locksmiths will attempt to cut the keys either stating that the ""cheap China keys"" will ruin their machines."
positive,"Screws int easilly o install, audio quality is great. I am not getting all the digital data of the radio call sign anymore, so my player tells me that instead of listening to ""KDUK"" I am listening to ""J!UL"" - whicch is a little odd, but can be humorous at times!"
positive,"This sure beats the heck out of the $300 Ford wanted to charge me for 20 lug nuts + install!!  Crazy people!!! Lol.  Anyway these go on easy and are a bit narrower than my old ones but was able to easily scratch the paint off a few.  It doesn't look bad but one kind of does.. has a big scratch on it now.  Still, not bad for the price!"
positive,"Last fall, I broke my passenger side mirror attempting to maneuver past a truck on a very narrow side street. Now, I would not have been able to attach a new mirror, but I also was not spending $300! So, I purchased this replacement mirror here, on Amazon. The price was very affordable, and it did not bother me that it was black. My car is an iridescent white shade, and I could have purchased the white mirror, but the lower price of the black mirror is what I could afford. Next, my parent's neighbor was skilled in some mechanical work, and volunteered to install the mirror. It took him about 20-30 minutes. I feel so much safer when driving, and this mirror functions very well. Thank you, Amazon, for such affordable prices!!!"
positive,"If you have kids and have had these sticky handles then you probably know about people getting some of that paste on their clothes or person. It’s the most embarrassing and frustrating thing when you have to constantly make people aware “watch the door handle”, “watch your clothes”. Now I don’t have to worry about it! Several helpful YouTube videos and 20-30 min a side and we were able to replace them all. Way cheaper than going to a reupholstery shop or the dealership! Save yourself that money and use it towards other things, like new AC Schnitzer parts :)"
negative,"Armorall extreme is actually better at half the cost. They normally have pretty decent products, this IS NOT one of them"
negative,"Does not fit coupe.  I did not return it as it took me way more effort to remove the old one and try to get this one to fit than the part was worth.  Totally useless for my application, description is completely wrong.  My friend has the sedan, out of curiosity I tried it on there, it fit.  Due to the poor quality of the material we immediately put his stock liner back in.  Bottom line, this product does not fit the coupe as listed.  Useless to me, waste of money."
positive,"I used to have a Matco pressure gauge that cost about $115. It broke within 6 months of owning it, and Matco refused to warranty it for free. Not wanting to buy another high dollar gauge, I picked this one up on a whim. The quality is great, especially for the price. Display comes on automatically when connected to a valve stem. Display is large enough and bright. And a better warranty than the tool truck brands! No complaints here. Can’t comment on long term reliability, but I’m sure this will last me a good while."
positive,Pretty straight forward install bit tricky on the passenger side preferred to install it with out the metal bar to the bumper
positive,These tire covers exceeded our expectations. The quality of materials is excellent and so is the construction. The fasteners work well and we expect very good service from these.
positive,The mileage between treatments varies on the road and weather conditions. Excellent product.
positive,It fits perfectly and appears to be a very durable material.
positive,Just got this cover. Have to leave car in driveway for a few weeks and didn’t want tree droppings on it. Tried it on today and I am so happy. Fits nice and looks sharp. It’s summer now and very hot but I think it will weather well. Also like the 3 straps. A bit windy here too.
negative,I like the packaging and quality but the brightness level is lower than expected!  This is claimed to offer 300 Lumens but other 250 Lumens bulbs are brighter than this.
positive,We leave our rv fan in the bathroom on pretty much all the time so the motor burns out every so often. This replacement motor fits and works perfectly and arrived quickly!
negative,"Originally, I had said that my husband loves these brakes, but after a few months they began squeaking pretty bad when the car comes to a slow stop. If you slam on the brakes it won't squeak, but who drives like that normally? We have had two mechanics look at them and they say the brakes are in great shape and have over 25,000 miles left on them. So we will deal with the squeaks but will never buy ceramic brake pads again."
negative,"I would say that these are mid level brakes.. They will get the job done, just maybe not as fast as other better brakes.  If you are looking for a mid level brake pad, this will do the job great.  Don't be fooled by the look to thinking this brake pad is higher quality than it is.  But for the dollar, works great."
positive,"As you can see, this car seat cover fits my Grand Cherokee Summit but does leave some gaps. That's okay because I wanted primarily for a little protection when I take my dogs to the dog park or to the lake.<br />No doubt about it, it's durable. Heavy duty construction, and paw prints wipe up in a jiffy. Looks a lot better than my previous canvas cover.<br />Takes no time at all to put it on. Very straightforward."
positive,"Looks and works just like the oem. Installing is a pain, but is doable with the right tools. FYI, get the socket that is advertised along with the oil pressure sensors. The installation is almost impossible without it."
positive,"For a while I was looking for something to block the sun from hitting my face, the sun visors would not reach and would always hit me but with this item I solved the problem fit perfectly on my Ford Expedition."
positive,Super easy to install (save your bulb from old one if working as not included) and a lot cheaper than bringing it in to be done at a dealership
positive,Never used but it looks like it'll work well enough when I do. I'll update if that changes.
positive,"The best from a great company,and you cant beat the price,works great,well made."
positive,No more stinky frustrating hoses yay  makes the job a million times easier. Love it . Check the jet sprayerl before using ours was loose and nearly flew off quick fix just screw it in tighter.
positive,"Gift for son, he wears it all the time. Good quality."
positive,A bit pricey but it works.  The tapered connection is also better than the original.  No slow vapor leak errors any more.
positive,A bit tricky to install in my 2016 Legacy. But there are a couple of videos on YouTube which were helpful for me. Product itself appears to be of good quality and has served me well in the past.  Cost compared to the dealership can't be beat.
positive,Just one of these guys when you purchase something unseen you gotta get it out of the box and try it. Ok...fit is perfect and totally satisfied.
positive,GOOD QUALITY AND DOES NOT FALL OFF EVEN AFTER WASHING YOUR CAR
negative,Product itself was good quality. Unfortunately it was the wrong gasket for my vehicle. Something I wasn't aware of until I was in the replacement process. The selection process missed an important element &#34;:gasket with or without a tab for a notch&#34;.
negative,This does not fit a 2008 dodge caravan. The bolt hole is not the correct size.
positive,This helped me pinpoint an oil leak on my Jeep but just remember you need to use UV lighting for this to glow.  Seems a little expensive for the size of the bottle but I was able to get 2 uses out of the bottle.  Once to find the leak and a second to confirm it had been fixed.
positive,The product was exactly what is described and what is shown. Seller understands these times are hard to deliver because of COIVD-19. It was expected that it would take 3-4 weeks to arrive like my other orders but it came 3 weeks early. Great product and seller.
positive,"Easy installation, programming is a little tricky. I installed this unit after giving up on another brand where you put an extra key in it. Wiring is a breeze if you know what you're doing and you shouldn't be installing a remote start yourself if you don't. 😀 Programming for my Ford Focus required reading some forums but works perfectly once programed.<br />One issue I've run into is having to reprogram it after the battery was disconnected."
positive,"Aero wipers have so far been the best quality wipers I have used yet. Very quiet operation, and they seem to lay better on the windshield, less tension as others I have used, which seems to help them be so quiet overall. Give them a try, I think you will find they both work well and good longevity."
positive,"I like this charcoal freshener. I think it is working. What I mean by that is when I step into my car I really don't smell anything. I think that is the idea here. It is fairly large which makes me feel like I got a good value for what I paid. I wish the rope that is attached was a different color, but otherwise I am happy with this product and would buy it again if I had to."
positive,"The good part: The fan works very, very well. It is much quieter than my old fan even on the highest setting. It sucks most all of the smells from frying out of the RV. If you put your hand next to the vent outside, you can feel a tremendous amount of air! The LED light is super duper bright on high and nice and low on low.<br /><br />The hard part: Installation. I had to cut my hood out with tin snips and drill out the tach welds. Then repaint parts of it. It took me about 4-5 hours for the install. If you're patient, it is worth the money. I was worried I wouldn't like it, but, I LOVE it! I rate my self as an average tinkerer."
negative,"I like this organizer. Bought it for our truck, but not big enough. I kept it because it is still helpful. Each compartment held about 2 groceriy bags full of food. Didn't bring ice, so can't comment on that. I will keep and still use it and may even buy another, just wish a larger size available."
positive,"One of these seized up within 100 miles.  I was able to free it up by stomping on the brakes a couple of times, and haven't had any issues since then. I originally posted a 1 star here, as I thought both of them were leaking! Pulled everything apart yesterday and discovered the leak is the dana 80 axle seals, not the calipers, so I have edited this review to correct. Again, other then the brief sticking issue, no problems with these at all."
negative,Worked well while it lasted. But after 3 months it burned out and stopped working.
negative,"It's probably okay in a lighter colored car, but on black interior, a microfiber is better.<br /><br />It smears dust and leaves a trail.<br />Way too thick (the handle) to get near the windshield."
positive,"Perfect for use with the Airstream. I did not use the adhesive, since I just set it on the surface."
negative,"A I stated above they do not fit a Silverado that I can figure out and I have been installing blades for a long time being a mechanic.<br />Now if it had instructions, I have had a time or two where something did not fit and after looking at the instructions will show me."
positive,"The cord replaced the original cord that came on our 1998 Ford diesel truck. Working in the northern states in winter, it enabled my husband to warm up the engine on those really cold mornings. Have no idea why the first owner of the truck would have cut the cord off necessitating us to buying a new one, but that is why we ordered the replacement cord. Very reasonable price and prompt shipment."
positive,Just as expected gave as gifts to my nephews they enjoyed them.
positive,"It's a standard ball mount, but unlike my older draw-tite mount this was made in china. Besides that it is a perfectly good hitch, I just plan to get a Curt one because my friend received his and his was made in USA and the price is the same so I'm planning on buying that instead."
negative,"Barely brighter than the stock bulbs on my 2013 JKU. Pattern is splotchy and high beams aren't much different than low beams. Also, the plug did not fully seat into the stock plug. Had to wrap a zip tie around it to make sure it stayed together.<br /><br />update: based on seller info, I adjusted rotation with the set screw. Now lights up correctly.<br />No instructions were included. And hex wrench not part of package.<br /><br />update: error codes for these bulb without a decoder are<br />B1638<br />B1634<br />B1630<br />B162C<br /><br />update: they flicker."
positive,Very easy to use and the window damage is not visible.
positive,Fits perfectly and appears to be of the same construction as the OEM filter in my 2013 Mercedes Benz C250 AMG Sport.
positive,"Used to clean all my vent covers.  Threw it in the washing machine and it looks brand new and ready to use next month.  Definitely the best brush I could have found.  Soft, durable and well made."
negative,"Did the job, but difficult to fit cord back in case and it gets hot when airing up things."
positive,"Awesome product, holds up very well when the prep work is done correctly"
positive,"This is expensive, but works well.  And no ETOH in the gas."
positive,"These fit my 2020 Subaru Outback perfectly. They give me privacy and block the sun. They can not be used if you roll down your window. Even a cracked window won't let air in. They fit pretty snuggly in the window frame. They don't go all the way down to the small cor er window, but it is nice to have a little visibility."
positive,"cute, but I only got 2 balls, and its wayyyyyyy shorter.  Cute but looks cheap and unfinished"
positive,"I don't mind cleaning my car. I know I should do it more often! But cleaning the car is almost fun. Until you get to the wheels.<br />I have never enjoyed cleaning the wheels.<br />With this, well, okay, I still don't enjoy it. But I can do it eright, and I can do it quickly, and that is a lot better than the sponge and hhose pipe!"
positive,"I put these covers on my Mule 4010 trans.  They fit well,and look good."
positive,This was installed in a 2004 rx330. It perfectly matches the factory appearance and is much cheaper. Only issue is that the socket doesn't lock into the light very well. Might need to silicone it in place.
positive,Great case it mounts great to anything. I haven't mounted two of the small bar on the trailer while I'm cooking I can just snap it in place it just doesn't move the elastic rubber bands that connect to each corner plus the clamp on the side you will not have any problems with your phone flopping out.
positive,"I wanted to test this product and see if it’s up to the quality using a ceramic glass cleaner. It really does bead away the water on my windshield. I applied it in the shade on a warm day after washing and drying the windshield.  My car windshield is in real good condition like a new car without any road grime or highway nicks.<br /><br />It only takes a small amount applied to the sponge that was included. I left it on for about 5 minutes then wiped off with the microfiber towel. I have to mention it takes some time getting it to fully wipe off without leaving any smudges. I did the rear window also and only used a small part of the bottle to complete everything. I like this product but I have used other ceramic cleaners that also did a good job.  Although I have never had a glass coating that last more than a year, so I will wait and see."
positive,Got this battery as a replacement for a dead one in a child's electric car. Fit perfectly and powered up immediately. Holds a charge well and works with the original charger. Good value for the money and brought our grand daughter's ride back to life. A win.
positive,"The dome and mechanism are about what you'd expect for the money. It will probably last 3 or 4 years unless you live in a hot, dry area. The fan is junk. The motor is noisy and the fan blades fell off after a few uses. It's about what you'd expect for the price. Look around on Amazon for a 3000 rpm 12 volt motor. You can find one with real bearings for around $20. You might be able to use the fan blades on the new motor. If not, make sure the replacement blades fit in the vent area."
negative,"Suction tube to short by 1.5"". Discharge hose too short. Threads on pump to loose to tighten to average gear oil containers. The combination makes for a messy job. Avoid this junk. It did pump, but that's it."
positive,"Custom tailored fit. Sharp looking. Slips on easily, then naturally compresses around key fob to fit securely.  Durable.  Protective.  Easy to remove fob from case when necessary."
positive,"This tool is great. Worked good to remove my aftermarket innovators west harmonic balancer from my C5 corvette. If there is a down fall it's that the instructions aren't the best. Other than that, I give this product 5 stars."
positive,"Its great stuff. Adds lubrication to cylinder walls, plus upped my mileage.."
positive,Used this to mount by brake line CR style on my 2000 yz125.
positive,Many of the 350z forums recommended this product. The shop that I use for my car is the premium imported car shop in the area and this is what they use. Happy with the smoother shifting and the piece of mind.
positive,No enclosed installation instructions and the video wasn’t complete. Front to rear straps self explanitary. What to do and where to hook elastic side straps?
positive,Well made and looks good instructions leave a bit to be desired but still informative.<br /><br />Mat black finish is well applied and the hardware looks like it has a quality finish.<br /><br />The rubber bump tabs that back stop the door are a little disappointing in size and could be beefier the locking tab could be a bit tighter the tab needs a minor adjustment maybe 1/24th closer.<br /><br />All in all the item is still a good value and a steal at the pricing of  one third the cost of similar Fuel tank Doors.
positive,We bought this to upgrade on a honda crf50. It fits great. The ability to adjust is awesome. Well worth the money.
positive,"For the most part a good kit. Light appears to be slightly on the blue side of the spectrum, but most people probably won’t notice. Light output is maybe just a hair more than the stock bulbs, so this is realistically more for appearance than improved  function.  I’m sure there are better bulbs out there, but hey, you get what you pay for. Don’t get me wrong, I’m happy with this kit, just don’t expect to be blown away by improvements other than the color of the light."
positive,"Excellent pads.  Low dust, no noise, good stopping power, no brake fade at all under normal driving."
negative,"Fun but decal isn't staying on. Applied properly, but after only 2 weeks it is peeling off on the corner and won't re-stick. Expected it to last long term, not just a couple of weeks."
positive,"I drive a 2010 VW GTI, and this item is IDENTICAL to the OEM Filter you would purchase from the dealership. Same Make, Same Model, etc... Only difference being that this once does not have the VW or Audi logo on it.<br /><br />Highly recommend! Save a few dollars, get it shipped fast using Prime, and not worry about making a trip to your stealership, I mean dealership."
positive,I had to get my first bag and this is a cute one. I used it to disconnect on a mini vacation.
positive,"Once a month, a 'green' cleaning service team comes in to do my house. It's owned by an ex-Marine who personally trains the employees. I originally hired them because they also do free house cleaning for Veterans in need (gotta love a company with a heart), and they don't use harmful chemicals.<br />I'm not good at cleaning and use too many paper towels.<br />There, I said it. Guilty as charged.<br /><br />I noticed that my cleaning service comes in with a stack of neatly folded, brightly colored cloths, and leaves with a bucket filled with grungy ones. Not one paper towel. No cut-up old t-shirts, towels, or rags.<br />So I asked what they were.<br />Microfiber.<br />So I tried these.<br /><br />When dusting, my usual cotton rag absorbed so much furniture polish it was ridiculous. With these, sometimes I don't even need the polish, they are like dirt magnets.<br />Then the ultimate test. The boat.<br />As much as I insist guests wear deck shoes, someone always boards with regular shoes, leaving black scuffs everywhere but below deck.<br />These eat up the scuffs leaving the white upper deck gleaming.<br />Next, my motorcycle. Gentle enough for the tank, tough enough for the pipes.<br /><br />I love that these are thin, because they get into nooks and crannies, and dry quickly, unlike thick towels.<br /><br />If these were any better, they'd do the cleaning themselves."
negative,This product stinks heavy of rubber/chemicals. My whole family sense and irritation in the back of our throats a short while after I removed the Floor mat from the box. My house now smells from it. I had to put it outside. No way I am going to put this mat into the trunk of my new auto. It will end up stinking everywhere in the car. I am sending it back. I hardly ever write a review but could not help myself.
negative,"We were literally able to use this ""once."" That means: we put it on, drove, we're able to gas up ONCE. The next time we went for gas, it is stuck. Now we need to take it to the dealer (yikes!) for removal!<br />We got it for a jeep patriot, which it said it fit. >:(<br /><br />We had purchased a separate one for a Prius... we haven't had any problems with that.<br /><br />Update: we had to take the problem lock to the jeep dealer to be removed. $$<br />The one on the Prius is still good. So I am adding a star. ;)"
positive,"So easy to use and fits most cars. I have an suv and it’s perfect for my car and assuming it would great for sedans as well. I will mention my husband has a pickup truck and it’s slightly too big for his back windows however, we bent it slightly to fit and it still adheres."
positive,Works very well.  VW redesigned the fan so the fan motor is more protected from dust and dirt than the original fan that came with the car.
positive,Fits perfect on 1997 Miata.  Other caps were too tall and did not allow the fuel cover to close properly.
positive,These work great for the luggage that wont fit in your vehicle. Comes with the strap and it is weather proof so you do not have to worry if it is going to rain or snow.
positive,This is a great little battery tester. I have found it to be most accurate if I take a reading after driving it around the block than at a stone-cold sit. So far it has not let me down. All lights and gauges work as expected. No complaints.
negative,"Fogged up real bad this winter, might be better in warm climates. Love the blue tint on lens . Make sure you put on a anti fog treatment before you ride out of camp...."
negative,"I ordered the silver/grey set in April 2022 and loved them. They work well. I bought a second set from the same supplier in black but they are made differently. First, the silver set has two pockets on the interior, the black set only one, they sewed the extra beige liner shut!  The black set is stiffer but thinner and not as effective at blocking signals as the silver set either. I wonder if I had ordered another silver pair if they would be the same as my order in April 2022, or if the quality has changed in 9 months for all colors in general?"
positive,Worked perfect in my Lexus rx300- solved the problem and cleared the code.
positive,"The Modern Steel Metallic paint is a good match for Acura NSX Y Spoke wheels. The dispenser is a good design which includes the paint, an abrasive brush and clear coat in one container. This touch up paint dispenser has the same problem as most others though - once opened and used it will dry up within a year or two and need to be replaced."
negative,"easy replacement. does not come with red sealer stuff on the threads. if it did, i'd rate higher. 99 xj loves it."
positive,"Put these on ‘00 excursion diesel 4x4.  These are for the 4x2 version for 2003 and newer.  They fit fine without any modifying. Before this, input on Energy bump stops.  They were absolutely harsh!  The Dorman rubber ones are much smoother.  Th"
positive,My daughter loves her new eye lashes for her car! they are just what she wanted to stand out from the croud
positive,Bought and used these plugs on a 2002 Chevrolet Trailblazer 4x4 4.2L Straight  6.  Installation was simple and straightforward.  Theplugs have been in for 6k miles with no issues.
negative,Tubing slips in the clamp. Broke the clamp tightening wing screw after making 5 bubble flares.
positive,This is if you have a dodge with amp underneath. Mine has thr infinity with two connectors. The harness fits perfect. The color code is off but thats ok you can look at harness and add things up.
positive,"I used this set to replace the rear wipers on two cars (Acura MDX and Nissan Rogue).  Both used regular, metal frame wiper blades.  Installation was a bit tricky.  I found two ways of doing this:<br /><br />1) As per photo, slide in the refill together with the metal rods from the old wiper insert.  It's easiest to do if you temporarily tie them together (see white twist-tie) as you go.<br /><br />2) Pop in the rubber insert into the wiper brackets to the ""second notch"" (don't bother trying to slide it).  Then, slide the metal rods in to the first notch.<br /><br />I'll update if any issues are observed."
positive,Hasn't blown off in over a month. Holding color well in TX sun.
